0.0	11.99750273301916	11.990056037410989	11.97779367450884	11.96093338151819	11.939769236699894	11.914661455743973	11.88602413747141	11.854311571977213	11.820003780399668	11.783591970085057	11.745564562445734	11.706394386544678	11.666527535078494	11.626374258552021	11.586302136861795	11.54663162462797	11.507633926768387	11.469531032689565	11.432497628639185	11.396664524250014	11.362123175285648	11.328930862196339	11.297116093267997	11.266683839713275	11.237620273829842	11.209896764454797	11.183472979222747	11.15829904270804	11.13431679541337	11.111460283302906	11.089655674842744	11.068820847603119	11.048864906662743	11.029687891736751	11.011180900640591	10.993226806828758	10.975701683300914	10.95847697024614	10.94142234607466	10.924409187671865	10.907314442000471	10.890024682788505	10.872440096807608	10.854478136340758	10.83607658822992	10.817195843948397	10.797820206380727	10.777958132973614	10.757641386288418	10.736923135861545	10.715875123918849	10.69458406663945	10.673147508095752	10.651669372397576	10.630255470624029	10.60900921043942	10.588027732237192	10.567398656369472	10.547197576826624	10.527486380286735	10.5083124118496	10.489708451672543	10.47169341642682	10.454273661088113	10.437444723899988	10.421193343943754	10.405499576668499	10.390338843384344	10.37568377387005	10.361505728423325	10.34777591991171	10.33446611156066	10.321548889784475	10.308997552088918	10.296785685804009	10.284886534268354	10.273272258816002	10.261913208807512	10.250777303652606	10.239829604590513	10.22903213548718	10.218344044630994	10.207722230820982	10.197122290474544	10.18649951185436	10.175810087113343	10.165012450126591	10.154068645028323	10.142945555360573	10.13161569437084	10.120054918064259	10.108251526972756	10.096201227914618	10.08390708302449	10.071379226760582	10.058633892944352	10.04569243897848	10.032580135859869	10.019324830831307	10.00595556811931	9.99250124444201	9.9789893774317	9.965445053791937	9.951890104511905	9.938342543874162	9.924816342993815	9.91132166798729	9.897865532464143	9.884452388658097	9.871084383582646	9.857761588823767	9.84448241571028	9.831244176937679	9.81804369500846	9.804877865594891	9.791744153955367	9.778641040181563	9.76556841617415	9.752527905961356	9.739523061058462	9.726559391996856	9.713644226735866	9.700786406920836	9.687995829115318	9.675282831134295	9.662657494811468	9.650129222464159	9.637707099208138	9.62540058119893	9.613219431294011	9.601172969073655	9.589269102277694	9.577513554167233	9.565909474888517	9.554457464970321	9.543155872588624	9.53200111019086	9.52098791660595	9.510109586108678	9.499358174049496	9.488724683461951	9.478199244130384	9.46777130314474	9.457429852375375	9.447163721503175	9.436961960542986	9.426814318209994	9.416711792356297	9.406647197911209	9.396615680547002	9.386615101604805	9.376646230088854	9.366712707129055	9.356820790733925	9.346978923013033	9.337197178335309	9.327486652646472	9.317858845674637	9.308325073410648	9.298895934232215	9.289580842205298	9.280387635651191	9.271322266972328	9.262388579809274	9.253588179876145	9.244920403636945	9.236382382797252	9.22796919365553	9.219674072207685	9.211488671722723	9.203403340161417	9.19540739914698	9.18748941278328	9.179637442667968	9.17183929423732	9.164082767350399	9.156355927865478	9.148647414132435	9.140946782087207	9.133244877325598	9.125534207076132	9.11780927509468	9.110066842317272	9.102306086294442	9.09452864964153	9.08673858598319	9.078942225164075	9.071147984318065	9.063366147674246	9.055608628560867	9.047888716203728	9.040220801645422	9.032620073987706	9.025102180646178	9.017682851886297	9.010377497730785	9.003200791308386	8.996166254848754	8.989285862818244	8.982569673088948
0.1308996938995747	4.870263284579719	4.869954337156132	4.869447144374817	4.868751387791951	4.867878893999162	4.866842695220724	4.865656003309238	4.8643311938793214	4.862878893434596	4.861307248789047	4.859621436937597	4.857823447682818	4.8559121440268385	4.853883579731677	4.851731532159737	4.8494481933385725	4.847024954012114	4.844453214176841	4.841725158413831	4.838834443836937	4.8357767610403375	4.8325502423895506	4.829155705888919	4.825596735514751	4.821879609524673	4.818013096387678	4.81400814347498	4.809877486596636	4.805635209123523	4.801296278175378	4.796876082626894	4.792389993952275	4.787852966645356	4.7832791905155645	4.778681802884624	4.774072664809676	4.769462202047156	4.764859308576065	4.760271308093472	4.755703966939855	4.751161550389047	4.7466469131688935	4.742161614526775	4.737706048197403	4.733279578328344	4.728880673769493	4.724507035042925	4.72015571058844	4.71582320124556	4.711505554076118	4.707198448239974	4.702897276498449	4.698597225944359	4.694293360674876	4.689980707931476	4.685654347166253	4.681309500074869	4.676941618077361	4.672546463012075	4.6681201766375695	4.663659335086023	4.659160986050099	4.654622667087833	4.650042406452784	4.645418707865769	4.640750523152501	4.636037216671331	4.631278525895276	4.626474522099313	4.621625573750614	4.6167323169845496	4.611795633131249	4.606816633232774	4.601796647964127	4.596737221623712	4.591640108224547	4.586507266602116	4.581340851632416	4.576143199060797	4.570916801906011	4.565664274593092	4.560388299990856	4.555091590474716	4.549776841913652	4.544446650230699	4.539103433487694	4.533749367334506	4.528386331369862	4.523015877127203	4.51763913598352	4.512256861948795	4.506869323327019	4.501476361141045	4.4960773649836545	4.490671354946664	4.485256920112836	4.479832322694003	4.474395586634176	4.46894458170305	4.46347711106323	4.4579910006322745	4.4524841874504295	4.4469548015740115	4.441401232173615	4.435822166498656	4.43021659892709	4.424583838010602	4.418923567623845	4.413235955451723	4.4075217035818115	4.401782004044621	4.39601845197164	4.390232965591288	4.38442771788908	4.3786050613320295	4.372767448620064	4.366917363709314	4.361057270264296	4.355189575446139	4.349316602256439	4.34344056427	4.337563539824419	4.3316874435366435	4.3258139913985385	4.319944654062736	4.314080587422632	4.308222529392924	4.3023707206776995	4.296525036522452	4.290685354123934	4.284851826174076	4.279024898591379	4.273205185542671	4.267393316279681	4.2615898905328455	4.255795540513425	4.250010980603567	4.244237013411169	4.2384745120451965	4.2327243907223275	4.226987570460297	4.221264945414814	4.215557353147948	4.209865550205279	4.204190193240241	4.198531824584433	4.1928908596953285	4.187267573547701	4.181662084508223	4.176074336943366	4.170504086454951	4.164950892958408	4.159414126111721	4.153892985196765	4.148386532850335	4.142893740486991	4.137413542224164	4.131944891878779	4.126486815246754	4.121038450370247	4.115599072300123	4.11016810365427	4.104745115876392	4.099329827856484	4.093922108618978	4.088521989195612	4.083129685662121	4.077745631241952	4.072370511591232	4.067005295128621	4.061651250153195	4.056309942271159	4.050983208607945	4.045673108599963	4.040381854116271	4.0351117237349525	4.029864967033627	4.024643705027994	4.019449832927952	4.014284931549025	4.009150193958832	4.004046373808784	3.998973760759465	3.993932186155551	3.9889210588104578	3.9839394270962707	3.978986060474192	3.9740595420085665	3.969158363621414	3.964281017531114	3.95942607967436	3.954592283027607	3.9497785799425027	3.94498419267256	3.9402086505103235	3.9354518110531322	3.9307138627836515	3.92599530687924	3.9212969181128705	3.916619687644383
0.2617993877991494	1.299373216802446e-7	2.060815529057328e-6	1.0281098779009988e-5	3.183533244303616e-5	7.57157657629184e-5	0.00015209873463887676	0.00027150188749676694	0.00044394342798244297	0.0006781802018187726	0.0009810886703171737	0.0013572336732360186	0.001808647196034036	0.0023348161986195873	0.002932857817614747	0.003597844212479121	0.004323229414865786	0.005101327214769663	0.005923791910802609	0.00678206146674935	0.007667733593173839	0.008572857690917661	0.009490137744586874	0.010413051749366324	0.011335901144688585	0.012253808539667824	0.01316268371416339	0.014059176790644605	0.014940634175153246	0.015805068088623045	0.016651145032574373	0.017478193105457004	0.018286223359762932	0.019075956866921966	0.01984884714986156	0.020607087256764536	0.021353591883329835	0.02209194732615759	0.022826325261271697	0.023561359924887424	0.024301991778333292	0.025053283795019903	0.02582021886708287	0.026607488383036466	0.02741928278777527	0.028259094997400588	0.02912954703097978	0.03003224925218992	0.03096770025449776	0.031935233691255054	0.03293301623501613	0.03395809833771172	0.03500651659273058	0.036073443382600635	0.03715337636667621	0.03824035740903462	0.03932820828873632	0.040410769033116224	0.04148212442951044	0.042536805161145996	0.04356995217618684	0.044577435979711054	0.04555592645123548	0.04650291290329318	0.047416678001448144	0.04829623268980971	0.049141221817039754	0.049951811690916365	0.05072857117466421	0.051472357158769355	0.05218421391368447	0.052865293409624904	0.05351680037700048	0.054139964012761284	0.05473603470392735	0.05530630180948962	0.05585212675369427	0.056374984500319615	0.0568765059629844	0.05735851430790211	0.05782304981773356	0.05827237942106209	0.058708984517882444	0.05913551587727955	0.05955472984923763	0.059969424135376335	0.06038235807742199	0.060796165676451484	0.06121326575537452	0.061635777257228054	0.06206547233272388	0.06250392469912276	0.06295189932842538	0.0634096945377325	0.06387714990914221	0.06435366479628624	0.06483824134485165	0.06532954635380515	0.06582598807750516	0.06632579989735574	0.06682712716682215	0.067328112624566	0.06782697541293974	0.0683220795412684	0.06881198922130564	0.06929550939263432	0.06977170605587453	0.07023989240665847	0.07069957549102183	0.07115039737391311	0.0715921071035132	0.07202454905782123	0.07244764419794954	0.07286136249435696	0.07326569179038733	0.07366060685301386	0.07404603981699603	0.07442185209013634	0.07478780807571721	0.07514355298228229	0.07548859924204954	0.0758223258021158	0.07614399158558027	0.07645276197723887	0.07674774769503902	0.07702805725251373	0.07729286019720027	0.07754143534327551	0.0777731541400916	0.0779874069942089	0.0781835650893804	0.07836103143470029	0.07851934268987397	0.07865823864464368	0.07877767373376733	0.07887779421012092	0.07895890266408297	0.0790214241947416	0.07906588104300796	0.07909287559404869	0.079103078565455	0.07909721951965913	0.07907607782208917	0.07904047242555355	0.07899124870802572	0.07892926063503594	0.07885534712535884	0.07877030286197778	0.07867484572342576	0.07856958461642714	0.07845499190865164	0.0783313841551427	0.07819891381897254	0.07805757288435523	0.0779072070644845	0.07774753812458766	0.07757819209614203	0.07739873179589968	0.07720869207927254	0.07700761574967228	0.0767950877104452	0.07657076514377324	0.07633440204522261	0.07608586699531067	0.07582515346222804	0.07555238229746734	0.0752677966039292	0.07497174990643439	0.07466468937415337	0.0743471364082131	0.07401966697718945	0.07368289367902185	0.0733374508511544	0.07298398336408103	0.0726231391091476	0.07225556462331209	0.07188190279933429	0.07150279131809488	0.07111886044915389	0.07073072924086683	0.0703389997456485	0.06994424957029514	0.06954702348235951	0.06914782492361254	0.06874710809955976	0.06834527095291686	0.06794264895301814	0.06753950938581356	0.06713604579641072	0.06673237243833219	0.06632851898055786	0.06592442621698266	0.06551994396347799	0.06511483254303246	0.06470876911768339	0.06430135961605217	0.0638921562750246	0.06348068010683613	0.06306644711643627	0.06264899686780491	0.06222792191691164
0.39269908169872414	0.5472740377189288	0.5469651255807545	0.5464582137224145	0.5457633966335717	0.5448931004458959	0.5438611214441067	0.5426815749380048	0.5413678546484936	0.5399316987351906	0.5383824444407684	0.5367265312124099	0.5349672851109356	0.533104988750393	0.5311372142385894	0.5290593743866778	0.5268654317476504	0.524548696752644	0.5221026452768281	0.5195216914884163	0.516801862337346	0.5139413337508507	0.5109408037232811	0.507803692410741	0.5045361727932335	0.5011470465688513	0.49764748820975924	0.49405068539910596	0.49037140652110045	0.48662552583769964	0.48282953493356834	0.47900006549593804	0.4751534440808511	0.47130529472632543	0.46747020054634153	0.4636614310991451	0.4598907385557159	0.45616822255527545	0.45250226107655017	0.448899502568932	0.44536491286208624	0.4419018689303385	0.43851229042169787	0.4351967990346816	0.431954895451933	0.42878514373735827	0.4256853539493919	0.4226527552067623	0.41968415345016225	0.41677607044999504	0.4139248629366287	0.41112682276451146	0.4083782605168516	0.40567557576321517	0.4030153171650493	0.4003942352358407	0.3978093292861699	0.3952578891756983	0.3927375313093677	0.3902462276785494	0.38778232639106963	0.38534456237441445	0.382932057791461	0.38054431200944294	0.3781811824492534	0.3758428580294128	0.3735298276084081	0.3712428459006087	0.368982899213383	0.3667511728104859	0.36454902047870746	0.3623779382290501	0.36023954096923	0.3581355405053439	0.35606772415238236	0.35403793280195717	0.3520480372037201	0.35009991128265283	0.34819540194741966	0.3463362954080535	0.3445242803282664	0.3427609068896487	0.34104754143767996	0.33938534348952903	0.3377752447328776	0.3362179081810912	0.3347137035493171	0.33326269557267846	0.3318646470913277	0.3305190489864651	0.3292250999618362	0.32798171150032623	0.32678766686112926	0.3256415841585818	0.3245418835074883	0.3234868300862926	0.3224745923502596	0.32150328687452157	0.3205710107391961	0.31967587408511994	0.31881603056825536	0.31798970527996484	0.3171952199976635	0.3164310140962397	0.3156956568432588	0.3149878455089707	0.31430639145832856	0.313650220920701	0.3130184319300813	0.31241038928223147	0.31182576908933984	0.3112645307139037	0.3107268601277165	0.31021311132963825	0.3097237550418919	0.30925933816219564	0.30882045382753964	0.3084077207806099	0.3080217717189632	0.30766324887858654	0.3073328012074868	0.3070310765898749	0.3067587060728356	0.3065162797879724	0.30630431262099805	0.30612319353696676	0.3059731108330669	0.3058539624284277	0.30576532219970026	0.30570657371392773	0.30567714231547677	0.30567655556017476	0.3057042952690905	0.30575966260146464	0.3058417617294776	0.305949556640443	0.30608194168255926	0.30623779272143414	0.3064159884952145	0.30661540944839977	0.3068349269223065	0.30707339161885056	0.3073296256112517	0.30760241982897885	0.3078905378638352	0.3081927259188849	0.3085077273469549	0.30883429874765844	0.30917122370343336	0.3095173207761358	0.30987144457197185	0.31023248150619304	0.31059934396519634	0.31097096715940187	0.3113463116869808	0.31172437165148276	0.31210418459106937	0.31248483806923877	0.3128654696079068	0.3132452600276557	0.3136234228392528	0.3139991932760785	0.3143718203750055	0.31474056485400764	0.3151047046758773	0.31546354911536595	0.3158164607620168	0.3161628832443391	0.316502370923814	0.3168346159448023	0.3171594682044597	0.31747694490876516	0.317787227920215	0.3180906485935417	0.3183876610158069	0.31867880552506517	0.3189646651148116	0.31924581779238576	0.31952278809508844	0.31979600084640175	0.32006574003687005	0.3203321155670404	0.3205950404190835	0.320854220389338	0.3211091576193705	0.3213591678582504	0.3216034099913737	0.32184092529188235	0.3220706833553481	0.3222916317470204	0.32250274674698676	0.3227030828601469	0.322891818734043	0.3230682968437286	0.32323205405706257	0.3233828403302286	0.32352062344855664	0.32364557880674355	0.32375806450107203	0.3238585833671255	0.3239477350325917
0.5235987755982988	1.2993732618878024e-7	2.0605568481193537e-6	1.027591639209285e-5	3.179911099011271e-5	7.556218594854772e-5	0.00015161553196289804	0.00027025749125765536	0.0004411703729780864	0.0006726443817727185	0.0009709571496937068	0.0013399558527404192	0.0017808643117254274	0.002292312357159486	0.0028705622245073377	0.00350988936019172	0.004203064355464361	0.004941879324618159	0.0057176654351932905	0.006521757191206943	0.007345871645997936	0.008182384952841485	0.00902450261898316	0.009866331914627349	0.010702873984519525	0.011529958731380777	0.012344147411347489	0.01314262645287439	0.013923111948746259	0.01468377843593909	0.015423218906589882	0.016140436393706138	0.01683486173923005	0.017506387884290407	0.01815540859008259	0.01878284901064272	0.019390176849257115	0.019979385575043085	0.02055294484156669	0.021113717257159135	0.021664844456233925	0.02220960857023598	0.022751277416984805	0.023292942921721255	0.02383736252032645	0.024386812758963105	0.02494296323036697	0.025506777597875046	0.02607844691625832	0.02665735884450007	0.027242104669014017	0.027830524283015315	0.028419787371731797	0.029006507043427915	0.029586880155091384	0.030156846630203963	0.030712258655532315	0.031249049623711316	0.031763392589043433	0.03225183869457724	0.032711427696021735	0.033139764943701	0.03353506214712677	0.03389614220562759	0.034222411299405425	0.03451380382257387	0.03477070759939536	0.03499387767095397	0.03518434703745063	0.035343341962010846	0.0354722083932778	0.03557235373345411	0.0356452063625161	0.03569219400234981	0.035714738682722354	0.0357142654617208	0.035692220926112746	0.03565009676567971	0.035589453638527516	0.035511941069215736	0.03541931046027595	0.035313419553885915	0.035196224595533405	0.0350697503006462	0.034936054926854046	0.03479719947882822	0.03465520732076526	0.03451202182413616	0.034369460807475063	0.03422917020270153	0.03409261107830677	0.03396114131327347	0.03383568109088864	0.033716935010775814	0.033605399078206775	0.033501356642530664	0.03340488713146087	0.033315901775569694	0.03323417818485281	0.03315939611324508	0.033091173885139595	0.03302910377292791	0.0329727846134487	0.03292185047041402	0.03287599521071235	0.03283499330358224	0.03279871335823644	0.032767111655149374	0.032740194800494	0.032717972152991485	0.03270043673479508	0.03268757434900341	0.032679373729494636	0.03267582651749945	0.03267691912209604	0.0326826210322483	0.03269287318730076	0.03270757618431766	0.032726576620612464	0.032749652509981984	0.03277650218192369	0.03280674178697924	0.032839913825342376	0.03287550584015711	0.03291297762846692	0.032951796854140396	0.03299148171418701	0.033031634488285715	0.03307192727685905	0.03311203392798646	0.033151592341215445	0.03319026847849268	0.0332278543185646	0.03326429213807882	0.033299627523345456	0.03333396015685244	0.03336742267868637	0.03340017543969432	0.03343240318394386	0.03346430958174421	0.033496110302656514	0.03352802589308906	0.03356027519930544	0.033593069545598264	0.03362660730774473	0.03366106802766008	0.033696605106508945	0.033733336603382826	0.0337713345605131	0.033810613854084764	0.03385112133201299	0.033892725571482346	0.03393520785840128	0.033978255759791104	0.034021461138912336	0.03406432410836505	0.03410626317888566	0.034146630440693736	0.03418472994124929	0.03421983767488468	0.03425122217713441	0.03427816504876736	0.03429998072029558	0.03431603458273551	0.03432575843867678	0.03432866220070852	0.034324340971633484	0.0343124770929109	0.03429283734231701	0.034265266041382976	0.03422967529200857	0.03418603387615255	0.03413435650592514	0.034074695029263406	0.034007132794007675	0.03393178266827099	0.03384878837870719	0.03375832811302742	0.03366061893484654	0.03355592052639987	0.033444537022911766	0.03332681609724618	0.0332031448880658	0.03307394277991804	0.032939651404567526	0.03280072250329878	0.03265760443451864	0.032510728118848704	0.0323604931179109	0.03220725441589121	0.03205131039704256	0.03189289253610124	0.031732157422482914	0.03156918183581286	0.03140396157208134	0.031236414529560535	0.031066388236930812	0.03089367164240579	0.03071801066822942	0.030539126782755933	0.03035673760189934
0.6544984694978736	0.20152849452559582	0.20121965048679014	0.20071328033944338	0.20002027275391002	0.19915420288913407	0.19813032445104695	0.1969644656610443	0.19567193607043062	0.194266546755921	0.19275983098970773	0.19116052835510058	0.18947436579664853	0.18770413801760008	0.1858500606319583	0.18391034562138217	0.1818819320780943	0.1797612969566711	0.17754527052217983	0.17523178833485867	0.1728205242442983	0.170313364920014	0.16771470382323092	0.16503154934826167	0.16227345664597845	0.1594523043814637	0.1565819458564546	0.15367776846824874	0.15075619666074605	0.14783417188931383	0.14492863936677972	0.1420560662448096	0.13923201015373735	0.13647075132052872	0.1337849963028427	0.13118565702277094	0.12868170536508017	0.1262801010534226	0.12398578863808364	0.12180175796547695	0.11972916121387361	0.11776747831399415	0.11591472129087714	0.11416766685677983	0.11252210564467469	0.11097309603238507	0.10951521077636128	0.10814276576847744	0.10685002213505208	0.10563135545191142	0.10448138877720013	0.10339508915359903	0.10236782985825686	0.10139542271031267	0.10047412592852524	0.09960063361320197	0.09877205243672582	0.09798587052639633	0.0972399223569288	0.09653235241832185	0.09586157934718238	0.09522626161857516	0.09462526540729806	0.09405763485202967	0.09352256502503153	0.0930193778346761	0.0925475008298809	0.09210644883929513	0.09169580807097288	0.09131522202104975	0.09096437779713586	0.09064299267202534	0.09035079923245576	0.0900875270235426	0.08985288141851522	0.08964651920795637	0.08946802101180668	0.08931686146702204	0.08919237871244483	0.08909374502290218	0.0890199403154312	0.08896972934533669	0.08894164533182614	0.0889339993367812	0.08894489312475952	0.08897222545594446	0.08901371656949224	0.08906694350229327	0.08912939106406022	0.08919852043810683	0.08927179383502898	0.08934666515435126	0.08942084823845325	0.08949216751294824	0.08955856922846421	0.08961819223767044	0.08966939521558065	0.08971074830141872	0.08974103003855578	0.08975921997383075	0.08976448808560962	0.08975618270879492	0.08973381812226282	0.08969706180575722	0.08964571936190043	0.08957971416329917	0.08949906526540373	0.08940388508704983	0.08929442421428668	0.08917114151104456	0.0890347260432246	0.08888605492846367	0.08872613866820822	0.0885560855206623	0.08837708256069048	0.08819038165615711	0.08799728495605708	0.08779913359626294	0.08759730441341114	0.08739321369581056	0.08718832075162115	0.08698412245629872	0.08678213416363062	0.08658385814478407	0.08639074281009575	0.08620413334530659	0.08602521236971657	0.08585494367094532	0.08569407422045643	0.08554324389554564	0.08540309222545055	0.08527418880206315	0.08515688502847464	0.08505129354413125	0.0849573821918229	0.08487505302900676	0.08480416439497006	0.0847445287947269	0.08469591279905432	0.08465804217244301	0.08463060934873563	0.08461328211411878	0.08460571297161751	0.08460754839635765	0.08461843742255844	0.08463803950205305	0.08466603164762367	0.08470211434255093	0.08474601515765863	0.08479748952948286	0.08485632001409432	0.08492231696344281	0.08499532291285959	0.08507522012004548	0.08516193799860232	0.08525545692083247	0.08535580699738197	0.08546306263248099	0.08557733408804302	0.08569875656712578	0.08582747693126448	0.08596363856487337	0.08610736564516926	0.08625874868354505	0.08641783346370217	0.08658461533478196	0.08675904016952453	0.08694101220466371	0.08713040767184561	0.08732709197065097	0.08753093743883596	0.08774183864072077	0.0879597224574245	0.08818455101416267	0.08841631651811864	0.08865502826990325	0.08890069325446863	0.08915329260203768	0.0894127567007555	0.0896789418264158	0.08995161090201315	0.09023042048943603	0.09051491539098455	0.09080453134063114	0.09109860529951908	0.09139639203156609	0.09169708514107318	0.09199984072532567	0.09230380216422962	0.09260812509442014	0.09291200200194986	0.09321468592579596	0.0935155125086339	0.09381391925829226	0.09410946064435453	0.09440181770459566	0.09469080116299848	0.09497634753940463	0.09525850824875837	0.09553743223509019	0.09581334332798634
0.7853981633974483	1.29937333360812e-7	2.0601458764754654e-6	1.0267691185648192e-5	3.174169495054611e-5	7.531911383268511e-5	0.00015085213599461462	0.00026829554230615744	0.0004368083442890342	0.0006639585828413012	0.0009551044973990456	0.0013130018470269963	0.001737659395937369	0.0022264362540626117	0.0027743494817326075	0.0033745410250144415	0.004018841495907696	0.00469836519043568	0.005404075515362966	0.006127271172496072	0.006859958888403679	0.007595095769453508	0.00832670119000428	0.009049852547611177	0.009760589874561616	0.010455760462089736	0.011132836249406058	0.011789734216586793	0.012424664269574929	0.013036021240047725	0.013622328860035867	0.014182235078470018	0.014714550860112063	0.015218319377344013	0.015692899678252045	0.016138048551314763	0.016553986144462157	0.016941434408337248	0.0173016219269307	0.017636253428357725	0.017947446555156902	0.01823764180298636	0.018509493623267415	0.01876575148893338	0.01900913941801716	0.01924224135880188	0.019467398341718123	0.01968662174434837	0.01990152564266123	0.020113280144342726	0.02032258679584939	0.020529676502933972	0.02073432974862951	0.02093591808762119	0.021133464930177526	0.021325722376502376	0.02151125976746136	0.021688558449964465	0.02185610661094464	0.02201248781294435	0.022156457406955973	0.022287001909120852	0.022403378220065284	0.022505131314338043	0.022592091069757934	0.022664350804002056	0.022722231496841463	0.02276623665766413	0.022797003171118824	0.02281525320223571	0.02282175186521526	0.022817273785282758	0.022802580667334777	0.022778411166405537	0.022745481687863816	0.022704496750488426	0.02265616646955891	0.0226012279965464	0.022540467629471882	0.022474740529987932	0.022404985817187344	0.02233223554362522	0.022257613740166965	0.022182317671896577	0.02210759835748902	0.02203474070599422	0.021965033177797712	0.021899733176705946	0.021840026757383165	0.021786984082212538	0.021741540006402178	0.021704540153006685	0.02167649086404219	0.02165774339497743	0.021648442635101916	0.021648503597018882	0.02165763341592609	0.021675347414267677	0.021700989803820032	0.021733760457183556	0.021772745259175375	0.021816948552613017	0.02186532624949644	0.02191681855336992	0.021970382007730525	0.022025020707043732	0.022079812765820748	0.022133920181147463	0.022186572442215318	0.022237040681353005	0.02228463664793609	0.02232873612334023	0.022368795423078333	0.022404350232988732	0.022435008909185095	0.022460448570224233	0.02248041152448639	0.02249469756941364	0.022503150822444803	0.022505643469823196	0.022502061925062492	0.02249230108973806	0.02247626888507233	0.022453899045198192	0.022425169129014027	0.022390123033308538	0.022348897698114507	0.022301741571017882	0.02224899293555106	0.022191018915317412	0.022128198953502185	0.0220609907467484	0.021989972896570148	0.02191580972012414	0.021839204951249604	0.021760883802892775	0.021681585098146616	0.02160204875599012	0.02152300149427414	0.021445144520721566	0.021369143149585226	0.02129561775988917	0.02122513641915283	0.02115820968183218	0.02109528757247311	0.02103675814421191	0.02098294665367771	0.020934114488109338	0.020890457332983742	0.02085210212792088	0.020819102028333092	0.020791428897320285	0.020768964473675	0.020751492952831786	0.020738697519555906	0.02073016168073998	0.020725374824912057	0.020723741212170615	0.020724592000516056	0.020727200109377526	0.02073079757314541	0.020734594782502502	0.020737800741592784	0.020739643162461744	0.020739386932177098	0.020736349381285366	0.020729911009062806	0.02071952091387741	0.020704696998159567	0.020685021823351694	0.02066013556817615	0.020629727808813787	0.020593529818818245	0.020551308834102864	0.020502865275676293	0.02044803330289945	0.02038668436866269	0.020318732812844957	0.020244142118339026	0.020162930356822914	0.02007517356139417	0.019981006194723025	0.019880618420427317	0.019774250421576715	0.01966218444462542	0.019544735497823585	0.01942224165792093	0.01929505476133809	0.019163531967164114	0.019028028400556115	0.018888890907440992	0.018746452893925875	0.01860103024000397	0.018452918301508945	0.018302390011857395	0.018149695080708652	0.01799506030418999	0.01783869107751771	0.017680774303097307	0.01752148291958191	0.017360982132096314
0.916297857297023	0.10639545533601963	0.1060867074539444	0.10558110117356491	0.10489064033628974	0.10403050442840771	0.10301796652334998	0.10187120481458208	0.10060812475518947	0.09924530366810906	0.0977971521390157	0.09627535925164293	0.09468865558073887	0.09304289314284063	0.0913414094240426	0.08958561667823621	0.08777574034131748	0.08591162274622462	0.0839935101475489	0.08202275104687763	0.08000234982565356	0.07793733920534289	0.07583495550279722	0.07370461976537869	0.07155774390977493	0.06940739283977304	0.06726784071875931	0.0651540622394246	0.0630811984420297	0.06106403227076529	0.059116502670813226	0.057251278678130145	0.05547940759474257	0.05381004472835891	0.05225026679752857	0.0508049671671206	0.0494768285181432	0.04826636709006724	0.04717204185206634	0.046190421423550954	0.04531640090915881	0.04454345982759761	0.04386395098256556	0.04326940862568609	0.04275086291864378	0.04229914689938045	0.04190518224436577	0.0415602313189963	0.04125610535873276	0.040985321952131545	0.04074120895284903	0.04051795606068322	0.04031061908044851	0.04011508486670143	0.039928006814287716	0.0397467215610957	0.03956915694500617	0.03939374001588608	0.039219311811171796	0.039045053395761566	0.038870425329480235	0.038695121056547155	0.038519033007886644	0.03834222944808133	0.03816493959613707	0.03798754428224747	0.03781056969312651	0.03763468194187566	0.0374606805626534	0.037289489437445096	0.03712214361141525	0.03695977157798438	0.03680357250376171	0.036654787656476034	0.03651466744650309	0.03638443451741275	0.03626524407596329	0.036158143259058084	0.036064031518746785	0.03598362412082718	0.0359174205315079	0.03586567903294879	0.035828401364021344	0.03580533831768972	0.035795996727042374	0.03579965018764089	0.03581536693515675	0.035842048053438214	0.03587847736066752	0.03592338513566702	0.035975484720653754	0.036033457773991924	0.03609620233184981	0.03616265734466397	0.03623190975336083	0.03630323334734654	0.03637607444325338	0.03645005530207486	0.03652496411757795	0.03660073685470181	0.03667743398533574	0.036755213952065026	0.036834304816399176	0.036914974732791005	0.036997500734259704	0.037082135173464065	0.0371690741980958	0.0372584432638103	0.037350313311388474	0.03744472961533655	0.03754171083447186	0.0376412178753061	0.03774313155282888	0.037847248614565406	0.03795327987901986	0.03806084589869233	0.03816947696209506	0.0382786221696301	0.038387668029982946	0.03849596331235581	0.03860284314798549	0.03870764519789437	0.038809715421384915	0.038908406036701475	0.03900306855537169	0.03909304071397996	0.039177624820167456	0.03925606962426564	0.03932759573974933	0.0393914734339394	0.03944705128869303	0.039493685654232925	0.0395307110853261	0.039557495549355726	0.03957348109660222	0.039578193330368654	0.039571256488456254	0.03955241501593214	0.039521548388887856	0.03947867905511084	0.0394239778416644	0.039357768109219045	0.03928052794523556	0.03919288956321631	0.03909563558771298	0.03898969242614887	0.03887612118539412	0.03875610648374139	0.038630943376570887	0.03850202314688833	0.038370819755878256	0.038238878613328114	0.03810780711783205	0.03797926430416447	0.03785494738631695	0.037736575059396725	0.03762586856429865	0.037524531260742004	0.03743422702685715	0.03735655778454101	0.03729304058940768	0.03724508488764594	0.037213970810001905	0.03720082972326024	0.03720662852203777	0.037232159124530505	0.037278034217378	0.03734468949930614	0.037432391684492666	0.03754125062698246	0.03767123336475616	0.03782217776330877	0.03799380372969058	0.038185720569147916	0.038397429862320365	0.038628324137821114	0.03887768245398291	0.0391446646107451	0.0394283059510331	0.03972751454411278	0.04004107204579301	0.04036763884088878	0.040705763339829705	0.04105389465800747	0.04141039747508473	0.04177356774637924	0.04214164814427882	0.042512842566116295	0.042885329592024436	0.043257275230811104	0.0436268455334462	0.04399221966196512	0.04435160383851461	0.04470324635635908	0.045045453579616056	0.04537660660957841	0.04569517803692156	0.04599974793319364	0.04628901803515539	0.04656182308583901	0.04681713864924076
1.0471975511965976	1.2993734270761506e-7	2.059611265172724e-6	1.0257006496635891e-5	3.166724462784313e-5	7.500461505022131e-5	0.0001498669472849598	0.00026577100441414455	0.00043121398224594637	0.0006528594733203989	0.0009349277420188547	0.0012788427852219628	0.0016831564383807415	0.0021437371910848955	0.0026541826303187518	0.003206392936966254	0.003791230770346912	0.004399190879305649	0.005021010150687846	0.005648163648486241	0.006273211831670889	0.0068899855686879495	0.007493615922973433	0.008080432593732074	0.008647766728573003	0.009193699797886751	0.009716800382089498	0.010215885823661145	0.010689837001068035	0.011137483546178299	0.011557565272512381	0.01194876489759039	0.012309798525085956	0.012639544595891873	0.012937189460898469	0.013202368261236422	0.013435282922180611	0.013636783988768442	0.013808408822749146	0.013952374415542654	0.014071527970002618	0.014169261937320815	0.014249402145594711	0.014316078110516951	0.01437358391049671	0.014426236618562837	0.014478237718954267	0.014533541618899441	0.014595734548707958	0.014667926875479678	0.014752661996822384	0.014851845256545778	0.014966696416285475	0.01509772883551566	0.015244757549507515	0.015406936733990441	0.015582825056129762	0.015770475040000665	0.01596754053305354	0.016171394698532973	0.01637925026763643	0.01658827364714435	0.016795685767097463	0.01699884399982218	0.017195301940619398	0.017382846224984136	0.017559511815759977	0.017723579180692766	0.017873558085567582	0.01800816332270093	0.018126288005704844	0.01822697918244107	0.018309419254273946	0.01837291587085738	0.018416900965438625	0.01844093863577668	0.01844474020402815	0.0184281839176258	0.018391336303492014	0.018334472118889666	0.018258090440006647	0.018162924812373832	0.01804994307568977	0.017920331957871207	0.01777548195594765	0.017616965758958696	0.017446505885464546	0.017265938538301134	0.017077171294007022	0.016882133824344756	0.016682745369965835	0.01648094362267441	0.016278479561615978	0.01607706349318416	0.01587826475353626	0.015683512536518337	0.015494093839717579	0.015311145743312979	0.015135658319749183	0.014968480934571218	0.014810331607251377	0.01466180872321241	0.014523404580931593	0.014395520554277402	0.014278484055784288	0.014172567208564716	0.014078003871888916	0.01399499653771738	0.013923708227311538	0.013864250072443242	0.013816681351750714	0.013781018594188106	0.013757240790469076	0.013745292433665846	0.013745087938425868	0.013756513641339202	0.013779425044630174	0.013813639157923614	0.013858921977855395	0.013914972896010245	0.013981410126733712	0.014057761053633587	0.014143458573950394	0.014237842413999465	0.01434016537017164	0.0144496067607044	0.014565293984857888	0.01468632085344236	0.014811737805356662	0.014940525850200977	0.015071619291695528	0.015203963722981974	0.01533652186872348	0.015468251394433375	0.015598107865243287	0.015725051530355787	0.015848046622565972	0.015966063610666534	0.01607808469058451	0.016183108794476195	0.016280155882721064	0.016368271907801046	0.01644653548480559	0.016514066675923745	0.016570037734900643	0.016613685130939873	0.016644321786840704	0.016661348418329138	0.01666426309259608	0.01665266824828265	0.016626274481761336	0.016584901239676243	0.016528476150528094	0.01645703535421719	0.01637072595575278	0.016269810096846637	0.01615466956973911	0.01602581014841406	0.015883865140706263	0.015729597871618737	0.015563902896704408	0.01538780566683756	0.015202460145778552	0.015009143626387299	0.0148092478259007	0.014604265379895292	0.01439577117073193	0.014185398510887641	0.013974810950321803	0.013765671214506647	0.01355960931374262	0.013358192047721132	0.013162895908460093	0.012975084817619558	0.012795993368049425	0.012626715459571803	0.01246819759305577	0.012321235724801573	0.012186474520092404	0.012064408043316955	0.011955381290041223	0.011859592380738965	0.011777095571705191	0.011707805403581037	0.011651502275880465	0.011607839562339026	0.01157635217826096	0.011556466382040756	0.011547510575844896	0.011548726922827005	0.011559283641602585	0.01157828781534382	0.011604798455679367	0.011637839428558694	0.011676411741068546	0.011719504664410692	0.011766105267325922	0.011815206158898308	0.01186581154876863	0.011916942042073579	0.01196763878821537
1.1780972450961724	0.06739250521385672	0.06708387485931523	0.06657920056548287	0.06589183926691002	0.06503890249129017	0.06404007029546945	0.06291628449766241	0.061688451483243034	0.06037627845683128	0.05899734644027807	0.05756649179871274	0.05609553013547897	0.054593317134844575	0.053066105276044294	0.051518127364226486	0.04995232023859748	0.04837109593275063	0.04677707248669283	0.045173690702115	0.043565663611823346	0.04195922908028779	0.04036219959589792	0.03878382425134103	0.03723449417760409	0.03572533322036411	0.034267720217241365	0.03287278839152782	0.0315509422141951	0.030311424010836602	0.029161953099746247	0.028108450721301134	0.027154855564628332	0.02630302805136168	0.02555273702437999	0.02490172004794219	0.024345807772109568	0.02387910315871201	0.023494207144605084	0.023182482929001175	0.02293435109171177	0.022739607008360734	0.022587750632954182	0.022468317013577505	0.02237119439321768	0.022286915960246245	0.022206911696503656	0.02212370857228228	0.02203107054254304	0.021924074120267898	0.02179912023076815	0.021653887945646544	0.02148723990193756	0.02129909220105036	0.021090262944821307	0.020862313399448027	0.020617393908999592	0.020358103926910027	0.020087371985938227	0.019808357974637706	0.01952437679948672	0.019238840450910125	0.018955213734311527	0.018676978847666902	0.018407604048527867	0.018150512773137353	0.01790905078059125	0.017686450162016035	0.0174857901966803	0.017309955927928333	0.01716159548058243	0.01704307753550333	0.016956450621945934	0.0169034051186284	0.016885238927710388	0.01690282745005241	0.016956598497813384	0.017046512706038477	0.01717205009067345	0.017332203491235598	0.01752547942704576	0.01774990713784246	0.018003059416749814	0.018282088987697277	0.018583766735338188	0.018904531124717922	0.01924055053322899	0.01958779134125446	0.019942097494442954	0.020299280110319503	0.020655196782161652	0.021005745810846608	0.021347128833278148	0.021675735666807232	0.021988286736582024	0.02228183791242151	0.02255381440777444	0.022802026146263244	0.023024669925475028	0.023220323600818823	0.0233879334274444	0.023526796491770058	0.023636539761296815	0.023717096686516188	0.02376868135713769	0.02379176012188901	0.02378702437519993	0.023755373979978168	0.023697916149320753	0.02361596959097459	0.023511058221313507	0.023384893830767958	0.02323935239225978	0.023076443459047608	0.022898278126574644	0.02270704160091282	0.02250497026878323	0.022294333457735415	0.022077421138632054	0.02185653608011368	0.02163398605491176	0.02141207214915054	0.021193072470183188	0.020979222480739492	0.020772691727847303	0.020575554402681294	0.020389752758916503	0.02021706458748269	0.02005910082521928	0.01991732497890945	0.019793029448130744	0.019687281902490892	0.01960092687784559	0.019534610955915924	0.019488787642318473	0.019463721270183976	0.01945949044425625	0.01947598753003757	0.019512921759741442	0.019569827423403217	0.01964607481965182	0.019740882514365357	0.019853330014787077	0.019982370115491217	0.020126840465706692	0.020285474381842136	0.020456911383707147	0.020639708149519858	0.020832350611490993	0.0210332680481192	0.021240850068370648	0.02145346643902758	0.021669487963089595	0.021887305897082848	0.022105348410999145	0.022322093923860236	0.02253608164351185	0.022745919483260702	0.02295028925228008	0.02314794894684101	0.023337732188957187	0.02351854528028981	0.023689362868905963	0.02384922379062261	0.02399722910528709	0.02413254449844457	0.024254408889378826	0.024362150235536895	0.024455208281027322	0.024533162638157056	0.024595763448143498	0.024642961218464248	0.024674932415785528	0.024692097970359424	0.02469513284988006	0.024684966048099093	0.02466277145607998	0.02462995092541637	0.02458811125055949	0.024539036761774952	0.02448465883135517	0.02442702305770307	0.02436825444156772	0.02431052068155332	0.024255993829474683	0.024206810845067348	0.024165033880110393	0.02413261125987816	0.024111340110260226	0.024102831511193284	0.024108479049455803	0.024129431707160216	0.02416657207128381	0.024220500781789032	0.024291527906280804	0.024379671566197008	0.024484663707728827	0.024605962466535777	0.024742770160565808	0.02489405561781079	0.02505857939713357
1.3089969389957472	1.2993735359218299e-7	2.0589900911011843e-6	1.0244613264608394e-5	3.158108086748897e-5	7.464161851649898e-5	0.00014873344857780694	0.00026287701185387645	0.00042482723401628944	0.0006402459667313349	0.0009121123244858193	0.0012404251277830726	0.0016222139103924497	0.002051837315019077	0.0025215152275408883	0.0030220176721529935	0.0035434217252879566	0.004075848114531584	0.004610100613116654	0.005138151261596885	0.005653439373296351	0.006150978416934923	0.006627288681564726	0.007080192301935709	0.007508518969014413	0.007911774823892402	0.008289824065471867	0.008642624000006476	0.00897004151307433	0.009271764396026904	0.009547306695522138	0.0097960950439282	0.010017614035079022	0.010211583799925794	0.010378142067838098	0.010518005690598279	0.010632591969013552	0.010724087032874625	0.010795455812905504	0.01085039476779058	0.010893233721619093	0.010928796516537715	0.010962231658667804	0.010998824028620865	0.01104379756411722	0.011102117214297205	0.01117829697522333	0.011276219836238185	0.011398975147793098	0.01154871915981111	0.011726564965304815	0.011932508388231936	0.012165396053319427	0.012422940642234962	0.012701786111067037	0.012997622391635032	0.01330534541106427	0.013619254334437074	0.013933274601427606	0.014241192847062482	0.014536888944131398	0.01481455060920202	0.015068858332685153	0.015295131253121009	0.015489428867758082	0.015648607408784015	0.015770333844244297	0.015853063623477846	0.015895990534982692	0.015898978020371626	0.015862481570932004	0.015787470788342358	0.0156753571321322	0.015527931971271482	0.015347317271493943	0.015135928809362223	0.014896450104499309	0.014631814160480178	0.014345189364704658	0.014039965827385122	0.013719739057974314	0.013388288158983014	0.01304954432456496	0.012707548229384214	0.012366406181178033	0.01203023647808133	0.011703108288176235	0.011388978885150733	0.011091623319785757	0.01081456138929876	0.010560991138154835	0.01033379797005761	0.010135372828054436	0.00996767980122481	0.009832168884043377	0.00972977908696507	0.00966091845145335	0.009625469310447513	0.009622802745507381	0.00965180422389932	0.009710909414734015	0.009798149010657214	0.009911201031020668	0.010047448893824097	0.010204043735873948	0.010377969236012226	0.010566104675133503	0.010765279273590923	0.01097231537685573	0.011184063786488403	0.011397434627078219	0.011609427392908244	0.011817165220816927	0.01201793048635974	0.01220919421086619	0.012388639200605447	0.012554178031319465	0.012703964548633102	0.012836397939327393	0.012950120744748302	0.01304401436316792	0.013117195709245057	0.01316901689762677	0.013199068431549442	0.013207186562905109	0.01319346590961197	0.013158276031948886	0.013102270404571634	0.01302636874379033	0.012931730243320408	0.012819761039425287	0.01269212103499612	0.01255068194368906	0.012397474169220983	0.012234644775484771	0.012064421647497834	0.011889081429427203	0.011710914556947194	0.011532187055903855	0.011355102656824245	0.011181767140223947	0.011014155845776334	0.010854085341502678	0.010703190147804577	0.01056290498017475	0.01043445238489474	0.010318835111297784	0.010216832269034694	0.01012899824599364	0.010055663348475541	0.009996935291346569	0.009952701394618407	0.009922632267117234	0.009906187900196992	0.009902626514535136	0.009911016099642013	0.009930248595364054	0.009959056783268019	0.009996034042735275	0.0100396571847869	0.010088312584051767	0.010140325696389115	0.010193993682275882	0.010247620273908327	0.010299551386057267	0.010348209492579944	0.010392124638967982	0.010429960188820505	0.010460531947022914	0.010482820041821416	0.010495973755316771	0.010499310254692739	0.010492308778702586	0.010474602150975983	0.010445967435327995	0.01040631713545844	0.010355691719009635	0.01029425363393247	0.010222282571625654	0.010140171589257813	0.01004842377719027	0.00994764931450917	0.009838562865528602	0.009721981261925264	0.009598821297827331	0.00947009730685074	0.00933691806770102	0.00920048253188853	0.009062073859445569	0.00892305124713079	0.0087848390413209	0.00864891269821687	0.00851678133837537	0.008389966931790232	0.00826998047280803	0.008158295781967398	0.008056321770248998	0.007965374135769322	0.007886647558951321	0.007821189513813309	0.007769876782858975
1.4398966328953218	0.04781777594297563	0.04750927636173143	0.04700563694663166	0.04632170732962874	0.04547671143693669	0.04449292856253647	0.04339423603739451	0.042204659957263184	0.04094707222045139	0.03964214764002443	0.038307658092064996	0.03695813701367582	0.03560490317161837	0.034256393282379026	0.032918723443753885	0.03159638237757067	0.03029295611597742	0.02901179296735401	0.027756536742370757	0.026531481626795275	0.02534172968242994	0.02419315791038881	0.0230922230501507	0.022045646832179033	0.02106003148058919	0.020141455236917235	0.019295091807432246	0.0185248877579535	0.017833320041339223	0.017221243981587104	0.016687831723868816	0.016230593429914328	0.015845468800019018	0.015526974726666762	0.015268395473552474	0.015062003885095576	0.01489930482126331	0.014771294414104389	0.014668730215089867	0.014582407528295342	0.014503436241439682	0.014423510634333106	0.014335162550328129	0.014231986642937672	0.014108825783614366	0.013961905572607562	0.013788909379303783	0.013588989272751109	0.013362713110502402	0.01311195324681759	0.012839727035478426	0.012550002833197876	0.012247487061958844	0.011937407785227673	0.011625308434599552	0.011316861935373686	0.011017711395024147	0.010733339191794464	0.01046896260408124	0.010229451210275528	0.01001926017196318	0.009842373171626279	0.009702250162475093	0.00960177682706941	0.009543215129966587	0.009528156386070389	0.009557480023390762	0.009631322125547378	0.009749058015699788	0.009909302180078928	0.010109927425625139	0.010348104386454782	0.010620360079909207	0.010922652756682666	0.011250459545688199	0.011598872765302982	0.011962700660138943	0.012336568790500673	0.012715018953919422	0.013092603070174328	0.01346397091729	0.01382395405796751	0.014167644709143697	0.01449046252959684	0.014788218149645968	0.015057171083256193	0.015294079553637997	0.015496250416302324	0.01566158366177292	0.01578861496173108	0.015876431268063776	0.015924855664601587	0.015934322903431386	0.01590590388967986	0.015841257666295027	0.015742602137625693	0.01561266016719294	0.015454602172902206	0.015271981492690725	0.015068665018182943	0.014848760429155257	0.014616541272797337	0.01437637076649366	0.014132624577082045	0.013889613088864073	0.013651506866811464	0.013422271993149838	0.01320561692827167	0.013004948248060528	0.01282333224874375	0.01266345662150496	0.012527588740379703	0.012417538031033543	0.012334630226356398	0.012279692789770369	0.01225305196508486	0.012254543312441976	0.012283536127497552	0.01233897017327384	0.012419401109235664	0.012523050330143897	0.012647855835876591	0.012791521635995349	0.012951563138474889	0.013125345686573467	0.013310115452965232	0.013503031784617899	0.013701217486233186	0.013901807989744113	0.014101963122044153	0.014298882318539902	0.014489859221332268	0.01467233855972811	0.014843956232139405	0.015002565494799003	0.015146259960401918	0.01527340083741005	0.015382643439190552	0.01547296093916918	0.015543665474774981	0.015594425477957563	0.015625277544253777	0.015636631269543403	0.01562926598201906	0.015604319025712998	0.015563265958682891	0.015507893474813688	0.015440266050670233	0.015362687472104586	0.015277658406134667	0.015187830656141607	0.015095958077909815	0.015004844304569534	0.014917288257050581	0.014836028992023709	0.014763691599604023	0.014702735857257796	0.014655409114255369	0.01462370433258379	0.014609323572830235	0.014613646827612592	0.014637706108644635	0.014682164994935305	0.014747304251995165	0.014833014436556694	0.014938796479445427	0.01506377106400735	0.015206697238244873	0.015366000183846464	0.01553980746898491	0.01572599249468815	0.01592222331388873	0.016126014705227856	0.016334781428100947	0.016545890945412072	0.016756714402343758	0.01696467506355728	0.017167293583424118	0.017362229410871052	0.017547317438849977	0.01772059886883944	0.0178803453016991	0.01802507533258298	0.01815356338385131	0.018264841065899755	0.018358191902708727	0.018433140707463016	0.01848943919663795	0.018527049572900474	0.018546127777923527	0.018547007910073285	0.018530188945994397	0.018496324471152435	0.018446215691233454	0.018380807593280972	0.01830118771934015	0.01820858656233456	0.018104378113602267	0.017990078696409655	0.01786734206636903
1.5707963267948966	1.2993736527280065e-7	2.0583251577018802e-6	1.0231372746801452e-5	3.148925615067778e-5	7.425595199952127e-5	0.0001475334905024581	0.00025982602190289936	0.0004181255093795406	0.0006270793444735019	0.0008884328867624669	0.0012008012874287846	0.0015597809028721286	0.001958367601961078	0.002387613284737777	0.002837427539499404	0.0032974211424482056	0.0037576923620367135	0.00420947394452379	0.004645584722193701	0.005060660496670213	0.005451169481026819	0.005815243922912965	0.006152378450970865	0.006463055489593035	0.00674835857861644	0.007009626763202136	0.007248189530710651	0.007465204761862279	0.007661604613658539	0.007838138617034834	0.007995491381860646	0.008134445192028982	0.00825605566063082	0.008361810990244968	0.008453751193862378	0.008534531516272677	0.008607422827669256	0.008676249670181393	0.008745272976407705	0.008819028718479787	0.008902135795959366	0.008999086622243477	0.009114032681643265	0.009250575482161431	0.00941157146599017	0.009598958036723991	0.00981360714070747	0.010055212740412713	0.010322218737515794	0.010611793989463757	0.010919860528732513	0.011241179555210291	0.01156949703608747	0.01189774695093331	0.01221830557948763	0.012523285523472311	0.012804853848633854	0.013055555648087512	0.013268622854316972	0.01343824892612929	0.013559812276139227	0.013630035929424819	0.013647076232807925	0.013610539463248089	0.01352143094841149	0.013382046222924266	0.013195817242420105	0.01296712854721299	0.012701118334160535	0.012403478404567436	0.012080264667701087	0.011737725518633368	0.011382153148958947	0.011019759486377892	0.01065657557080185	0.010298371360875384	0.009950591912151618	0.009618305551830008	0.009306160079241557	0.009018344055037616	0.008758550734237707	0.008529941848759886	0.008335113294658254	0.008176066415120002	0.008054181310419191	0.007970196043469819	0.007924194021006628	0.007915596911289324	0.007943167749829328	0.008005015264912605	0.008098715753014026	0.00822122478104533	0.00836900198009975	0.008538072749270985	0.008724111185842027	0.008922529769779896	0.009128578546341352	0.009337448555921968	0.009544377568775528	0.009744754855203992	0.009934221963620711	0.010108766551042373	0.010264806784286687	0.010399264641644255	0.010509626603745771	0.010593987943234434	0.010651075298575676	0.010680247790885389	0.01068147872601427	0.010655321404047235	0.010602869190143692	0.010525712914756772	0.010425892076974442	0.01030583877836625	0.010168315340388596	0.01001634615934748	0.009853144245897573	0.009682033386565153	0.009506368229312846	0.009329456210126862	0.009154485531023616	0.008984462101265177	0.008822156777321259	0.008670063546755504	0.008530369396198827	0.008404935272053835	0.008295280418536747	0.008202559024767605	0.008127546895873602	0.008070657804299065	0.008031951817624332	0.008011123332322729	0.008007499814537864	0.008020062197389823	0.008047477717333558	0.008088136917059731	0.008140193357857095	0.008201605821381361	0.008270181745846487	0.008343621268532053	0.008419561813621674	0.008495623201656186	0.008569453082921378	0.008638772149869746	0.00870141809799796	0.008755386839812227	0.008798869278831114	0.008830282165816286	0.008848292103255363	0.008851832560490984	0.008840114806342537	0.008812634497167519	0.008769175596910045	0.008709812461538626	0.008634910008586906	0.00854512135829166	0.008441382208780936	0.008324901350048366	0.008197146931498932	0.008059828219040681	0.00791487256463753	0.007764397214110312	0.007610675504707994	0.007456097086166675	0.007303122141849093	0.007154230195199357	0.007011864844279185	0.0068783764819420334	0.006755965544631049	0.0066466289682688235	0.006552112282890164	0.006473869200224785	0.006413029763468384	0.00637037731152424	0.006346333851863596	0.0063409530846219725	0.006353920324356998	0.006384558854355707	0.0064318426621361	0.006494415861109629	0.006570619261651864	0.006658524454122455	0.006755975428657964	0.006860637267069804	0.006970050919240391	0.007081692634742655	0.007193036332261784	0.0073016170577372905	0.0074050936441571414	0.007501308650993453	0.007588343566974171	0.007664567118710836	0.007728674438424034	0.007779714955837976	0.007817107323120109	0.007840640501807125	0.007850461258662718	0.007847049543466784	0.007831184311216566	0.007803903085144621
1.7016960206944713	0.036752065793041085	0.03644370125205541	0.03594112809389273	0.03526072302113286	0.03442384983287716	0.033455384619929814	0.03238208275091929	0.03123095265335013	0.030027790870938608	0.028796003746963145	0.027555798240875357	0.026323774462977928	0.025112902773182583	0.023932825483139904	0.02279039255950308	0.021690325275496875	0.02063590203034976	0.019629574729102907	0.018673448520450664	0.01776958757317167	0.016920139951105927	0.01612730111689532	0.015393154941460452	0.014719441641818426	0.014107303723344776	0.013557055043294736	0.013068006780350921	0.0126383700841978	0.012265241133499959	0.011944662426164702	0.01167174579555866	0.011440838471607248	0.011245713263954155	0.011079766782342307	0.010936214292936853	0.010808274998099276	0.010689346026515703	0.010573166373753502	0.01045397303089557	0.010326650638805683	0.010186873669798813	0.010031237105469907	0.009857368698306957	0.00966401396183916	0.00945108460210109	0.009219662436725827	0.00897195384250861	0.008711193992340284	0.008441504910085003	0.008167715895947296	0.007895158407912444	0.007629449453068156	0.007376277665192101	0.007141204516787833	0.006929489996273075	0.006745948000627985	0.006594832516093556	0.006479752003896108	0.0064036069056629214	0.006368543923305291	0.006375921382019925	0.0064262814148593845	0.0065193272551485534	0.006653906761621613	0.006828005626335153	0.007038755465121699	0.007282462497300746	0.007554661886499715	0.007850201170829909	0.008163353435109594	0.008487957642204695	0.008817581869908603	0.00914570179667769	0.00946588545895486	0.009771974761613436	0.010058254588497293	0.01031960167308208	0.010551607245309921	0.01075066967408176	0.010914055359102016	0.011039929079453522	0.011127358427671175	0.01117629196403284	0.011187515130106374	0.0111625914724678	0.011103790846769221	0.011014009268642039	0.010896686002648247	0.010755717458764068	0.010595387296516011	0.010420159367620002	0.010234736969970827	0.010043898460837935	0.00985239716984252	0.009664877170543441	0.009485779956876187	0.00931926152392424	0.009169113402675412	0.009038692029550446	0.008930857537531575	0.008847923218318033	0.008791616517335942	0.00876305188721832	0.008762715204477913	0.008790459602147945	0.008845515001689973	0.008926515083125966	0.00903154029337655	0.00915817530419893	0.009303578366378061	0.009464552928215162	0.00963762085974128	0.009819099433483504	0.010005180734334011	0.010192013997070176	0.01037579037642959	0.010552829598140771	0.010719668356837747	0.010873148635280905	0.011010501654339167	0.011129421824599693	0.011228125685412172	0.011305392570466382	0.011360585079637331	0.0113936478421654	0.011405085039937283	0.01139592577332863	0.011367689765832538	0.01132233436632314	0.011262172182127774	0.011189808829956259	0.011108101719235569	0.011020104590611382	0.0109289904168465	0.010837969932261137	0.01075021378001221	0.010668778130907408	0.010596538076558392	0.010536129684941808	0.010489899809129058	0.010459863243588921	0.010447666902142667	0.010454560695677571	0.010481374994483006	0.010528504980811279	0.010595902722936609	0.010683078185767803	0.010789110403276654	0.010912669616967052	0.011052050306645612	0.011205213749198861	0.011369837650697058	0.011543370325281072	0.011723087765132633	0.011906152825999888	0.012089675859171917	0.012270775491380741	0.01244663751643881	0.012614569530407647	0.012772049105001437	0.012916763868739288	0.013046642816312714	0.013159879393889332	0.013254948117910123	0.013330617275791323	0.013385960331053043	0.01342036797519545	0.013433561561829198	0.013425607298477792	0.013396929423942225	0.013348319910703113	0.013280942086767089	0.0131963259099454	0.013096353299355712	0.012983232750632276	0.01285946326265975	0.012727788261481179	0.01259114066890705	0.012452580551177336	0.012315226969411905	0.012182185818706032	0.0120564756335212	0.011940953545064178	0.011838243738067564	0.011750670773085453	0.011680199932153496	0.011628386296642876	0.01159633366687915	0.011584663855510324	0.011593496508682617	0.011622439530956515	0.011670590388480798	0.011736548905674238	0.011818442461367392	0.01191396454319714	0.012020427298040273	0.012134827971280614	0.012253928019203877	0.012374342376832381	0.012492635109391817
1.832595714594046	1.299373769533432e-7	2.0576619516575093e-6	1.021819335739767e-5	3.1398093819638846e-5	7.38742909158719e-5	0.00014635048760592055	0.0002568312947303685	0.00041158001527939205	0.0006142910567347022	0.0008655750457194364	0.0011628093495655164	0.0015003560689547547	0.0018701013446279214	0.002262230947168393	0.002666132686820807	0.0030713087425983878	0.003468190332998214	0.0038487704519340397	0.0042070029866179874	0.00453895274078783	0.004842715036189527	0.005118150900532314	0.005366501191966008	0.005589949088225254	0.005791195798135795	0.005973101300828697	0.00613842355230155	0.006289669447118879	0.006429052156909393	0.006558534819537936	0.006679931426902866	0.00679503255380079	0.006905725697082733	0.007014086140190699	0.007122422722824047	0.007233271936823661	0.007349341897114919	0.00747341391387812	0.007608213126459189	0.007756260985269238	0.007919721740647269	0.008100253230945556	0.008298869942890143	0.00851582423458933	0.008750510226473145	0.009001394341570627	0.009265976677640295	0.009540787942332159	0.009821427065743314	0.010102644307635454	0.010378473301200593	0.010642412851968534	0.01088765553261882	0.011107355613727096	0.011294924114593569	0.01144433463647203	0.011550420705227285	0.011609144210275658	0.011617815446655242	0.011575248578433341	0.01148184085868637	0.01133957040022311	0.011151913866424881	0.010923691650843859	0.010660853633456766	0.01037022217774522	0.010059210935883111	0.00973553788215929	0.009406949045951437	0.009080966561594772	0.008764671025571383	0.00846452269001819	0.008186223513727366	0.007934618626654085	0.007713633557712704	0.007526242411291639	0.0073744618413553184	0.007259366137955879	0.007181119619817686	0.007139023741264211	0.007131576503570745	0.00715654147189163	0.007211029312397161	0.007291588591103944	0.0073943039051486146	0.007514902527526922	0.007648865398500063	0.0077915378165998575	0.007938241141295077	0.008084357736408428	0.008225551605437002	0.008357718284271396	0.008477119349794034	0.008580482691882706	0.008665047637973088	0.008728621943022721	0.008769614304185014	0.008787055633352506	0.00878060521369187	0.008750542388048524	0.008697744229732665	0.008623649990170405	0.008530213550488112	0.008419845599786039	0.008295346970609865	0.008159832051205946	0.008016640170109139	0.007869238597585914	0.0077211201822117185	0.0075756991207560735	0.00743621607387901	0.007305654115301568	0.007186664169626847	0.007081502682053231	0.00699198221321351	0.006919434973794168	0.006864688870742419	0.006828055155444143	0.006809327439682311	0.006807793008783018	0.006822257845768215	0.006851086036050106	0.006892252873961069	0.006943410271125061	0.007001963358867024	0.007065156200822637	0.007130157926623357	0.007194138979318486	0.007254354330911234	0.007308236358256397	0.007353452164151337	0.0073879383411807826	0.007409941148737539	0.007418060156175399	0.00741128405725706	0.00738901199249103	0.007351061287835584	0.007297662160002436	0.007229440383011918	0.007147389748958457	0.007052836383271891	0.006947396940561789	0.006832932544420395	0.0067115000315720085	0.0065853016196100725	0.006456633653193402	0.006327834811296639	0.006201234212166081	0.00607910016953369	0.005963590826508211	0.005856708369978367	0.005760258546770943	0.00567581641674397	0.005604698131629469	0.005547937860389499	0.005506269130542194	0.005480110446960926	0.005469555606516775	0.005474369532416156	0.005493990746405102	0.005527541704992871	0.005573848009803716	0.005631466924594875	0.00569872482019627	0.005773762353410265	0.005854585569638082	0.0059391207794926145	0.0060252709452477135	0.0061109713202417626	0.006194242150823215	0.006273236394201198	0.006346280690464642	0.006411908291162502	0.0064688832578662205	0.006516215912737056	0.006553170149492089	0.006579263720248547	0.006594262949471037	0.006598173453883343	0.006591228348538032	0.006573875112599548	0.006546761841840556	0.006510723134880066	0.006466765456574226	0.00641605156968033	0.0063598835463839695	0.006299683938503701	0.006236974844721385	0.00617335480021924	0.006110473566544581	0.006050004970771103	0.005993617918851194	0.00594294562237033	0.005899553012012369	0.005864902366499142	0.005840317436705616	0.005826946791441842	0.005825727665346636	0.005837352106515846	0.005862237566014303
1.9634954084936207	0.03003071111656085	0.029722476680024663	0.029220928494627416	0.02854390066701265	0.02771477870188363	0.026760856819200835	0.02571151695896054	0.024596414326469574	0.023443841152315115	0.022279406145704627	0.021125117892741064	0.019998904116056624	0.018914543773014016	0.017881943119298232	0.016907655803823075	0.015995533723101998	0.015147399659926524	0.014363651828232711	0.013643739487094374	0.012986481900956729	0.012390234313829462	0.011852929517256536	0.01137203899551073	0.010944502525254632	0.010566670426972569	0.010234290860081673	0.009942558940618757	0.009686228511931422	0.00945977409464628	0.009257581902321765	0.009074145668416918	0.008904245063409949	0.008743090439164	0.008586425721302785	0.008430589549942974	0.008272541569122204	0.008109864945080302	0.007940757288791714	0.007764020376253729	0.007579055151882692	0.00738586354826792	0.00718505382743533	0.006977842466921193	0.006766043777207425	0.006552038722114523	0.006338716662727215	0.006129387433076786	0.005927665517059054	0.005737332285453298	0.005562185501067182	0.005405887060099801	0.005271819957128848	0.005162963828204936	0.005081795480252516	0.005030217234472441	0.005009512256137883	0.005020323052008016	0.005062647458399808	0.005135846006530435	0.0052386552935213306	0.005369204254082593	0.005525032641843481	0.005703113793176863	0.00589988598822342	0.006111297893294193	0.006332873596995035	0.006559801461565727	0.006787048646463329	0.007009500179805985	0.0072221179017044985	0.007420111166942682	0.007599110276712852	0.007755331262997492	0.007885720860751289	0.007988071943441234	0.008061101909201692	0.008104489498605013	0.008118868763915163	0.008105782026903428	0.008067596175442069	0.008007389633976035	0.007928819125727448	0.007835969546169212	0.007733199845155969	0.007624991465265998	0.007515801194556218	0.007409926349983153	0.0073113881687774844	0.007223828878887364	0.007150452209173233	0.007093838949496854	0.007056032020316142	0.0070384636466824	0.007041910942126935	0.007066512433127965	0.007111778387207685	0.0071766235047228755	0.007259413889800818	0.0073580282327423046	0.007469931615333401	0.007592259580138143	0.007721909604254007	0.007855636597214286	0.007990148507008495	0.008122198464740334	0.008248672829029339	0.008366676415289454	0.008473611160373382	0.008567246905256792	0.008645784808817223	0.008707902883574271	0.008752780986416854	0.008780110400279704	0.00879008927495943	0.008783404689579525	0.00876120460783476	0.008725062939511224	0.00867693964819599	0.008619136376127531	0.008554246287369914	0.008485095935637151	0.008414677711734169	0.008346073090818135	0.008282368024260323	0.0082265618603288	0.008181472348320977	0.008149645957523752	0.008133283980816282	0.00813416781501966	0.008153585787679123	0.008192308406660303	0.008250585910513312	0.008328139861858907	0.008424161464884205	0.00853732303058753	0.008665807645941671	0.008807357265884594	0.008959334841175845	0.009118798237392206	0.009282583751180516	0.009447395827518655	0.009609899311326688	0.009766810816511456	0.009914986304767974	0.010051502691850048	0.010173732077747015	0.01027940772806248	0.010366680983394357	0.010434167887311295	0.010480983747296503	0.010506763468596055	0.010511665933803907	0.01049636205915934	0.010462007568384899	0.01041020219134369	0.0103429370658561	0.010262532149249508	0.010171565616188741	0.010072797354525487	0.009969088709741288	0.009863320724319315	0.009758313371539346	0.009656748593321818	0.009561100081534955	0.009473572474474433	0.009396051929101748	0.009330069050863869	0.00927677422095473	0.009236924713431195	0.00921088271841689	0.0091986233754158	0.009199751995807573	0.009213529697017282	0.009238906659544195	0.009274562169551026	0.009318950517879029	0.009370351659034474	0.009426925282333036	0.00948676666484233	0.009547962457925689	0.009608644485361974	0.009667039715742466	0.00972151476820691	0.009770613556460977	0.009813086938609576	0.009847913524399904	0.009874311116192894	0.0098917386371431	0.009899888835346931	0.00989867256042457	0.009888196009333178	0.00986873301722084	0.009840695122024828	0.00980460254801241	0.009761059188224485	0.009710733970591193	0.009654349726016831	0.009592679110710932	0.009526545646072524	0.009456826859773698
2.0943951023931953	1.299373878379111e-7	2.057045496806828e-6	1.0205967131340327e-5	3.131373973494899e-5	7.352223750484555e-5	0.0001452633120467669	0.00025409101975886345	0.00040562012044548294	0.0006027112726936347	0.0008450045838375763	0.0011288510394106687	0.0014476343751678234	0.0017924231006073849	0.002152851467233928	0.002518104672809435	0.002877879843587092	0.0032232093494829563	0.0035470628597679475	0.0038446832666427662	0.0041136523440717145	0.0043537182830308664	0.004566443990531173	0.004754749336230448	0.004922421857877012	0.005073660486677255	0.005212698961742147	0.0053435339538247225	0.0054697616960296125	0.005594509565300704	0.0057204377702858925	0.005849781826742245	0.005984408235242771	0.006125862092409577	0.00627539409732384	0.006433963351444259	0.006602219678991631	0.00678047378088027	0.006968665031249034	0.007166335504440864	0.007372615775521867	0.007586224309369765	0.007805478945748168	0.008028316933190798	0.008252319577628425	0.008474738807112322	0.008692525364096834	0.00890236120554951	0.009100701209206129	0.009283830727000663	0.009447945407596631	0.009589257864848174	0.009704132392747472	0.009789244512000268	0.009841757450224082	0.009859503384760068	0.009841154318759966	0.009786366258872213	0.009695881221476054	0.009571574425188255	0.009416438832155573	0.009234504454222395	0.009030696179079633	0.008810639288868468	0.00858042630310933	0.008346361614003624	0.008114701409126368	0.007891405510604133	0.007681915367358264	0.00749096881482197	0.00732245840721884	0.007179336417584332	0.007063564634347702	0.006976105546167371	0.0069169496492374185	0.0068851725657669526	0.006879015872831222	0.00689598623010929	0.006932968353867753	0.006986348393764806	0.007052145193291979	0.007126146317309037	0.007204045368544892	0.007281582799933067	0.007354680811339011	0.007419569577072897	0.0074729051447743194	0.007511870313554776	0.0075342512941428755	0.0075384956883235614	0.007523712979334636	0.007489806792429637	0.007437310131936842	0.007367377671379867	0.007281748775483879	0.007182656185199629	0.007072731425403773	0.006954903582948522	0.006832291924602278	0.006708098364402525	0.006585502761675737	0.006467564111354025	0.006357130092558793	0.006256757042650982	0.006168642311952313	0.006094570314256246	0.006035870959152372	0.005993387862311326	0.005967458874618592	0.0059579091770240135	0.0059640536826666675	0.005984716465880985	0.006018272299749681	0.006062705823636354	0.0061156835548326636	0.006174635862649228	0.006236844803079587	0.006299532958772089	0.0063599488703059434	0.006415445833962675	0.006463552622298228	0.006502036067398888	0.006528955835580189	0.006542711599127722	0.006542082918376289	0.0065262625036665	0.006494882294558561	0.006448025600990527	0.0063862184631942286	0.006310419281266172	0.006222004513275044	0.0061227079720827795	0.006014547191406268	0.005899764964384852	0.00578076683282245	0.0056600542769049455	0.005540157436866987	0.0054235664147419494	0.005312662949915239	0.005209655111572784	0.005116517484384947	0.005034939202946307	0.004966281826452438	0.004911548463676123	0.004871364899151381	0.004845972798876857	0.004835234447669566	0.004838647999248941	0.004855372014065583	0.0048842581071674536	0.004923890678957249	0.004972632710991072	0.005028676227403558	0.005090095445803674	0.005154900507747765	0.005221090127031748	0.005286702043662091	0.005349860586971535	0.005408821040924318	0.005462010849382408	0.005508067824827936	0.005545875299089303	0.005574593576949254	0.005593686282836627	0.005602939520622393	0.005602471504348294	0.005592730631981582	0.005574480806134621	0.005548773911382736	0.0055169104558555745	0.005480390293149932	0.005440856001381572	0.005400031900829783	0.005359661814692292	0.005321448493037514	0.005286997163783602	0.005257765065175291	0.005235018202951954	0.005219796070694491	0.005212884703507996	0.005214798176113288	0.005225768469255991	0.005245743494717278	0.005274392987485495	0.005311121943153616	0.005355091290717727	0.005405245528248473	0.005460347083106947	0.005519017144361129	0.005579782587742007	0.005641128295950826	0.005701553608727734	0.0057596308256835605	0.005814062763276531	0.00586373560075189	0.0059077629528073	0.005945517496633513	0.005976647564412339	0.006001077683455654	0.006018993786895438	0.006030815416652188
2.2252947962927703	0.025795913596652443	0.025487795529171534	0.024987162172672824	0.02431313959675639	0.023490888259497685	0.022549795657772723	0.021521472182725196	0.020437754608234732	0.019328905717891504	0.01822215934150306	0.01714070464347348	0.016103141109447345	0.015123376019264327	0.01421088781717336	0.013371247725350928	0.01260678087997198	0.011917256352756584	0.011300518726787829	0.010753006385051701	0.010270136467558361	0.009846567158680394	0.009476369762713962	0.00915315337966678	0.008870183858887232	0.008620528234647434	0.00839723969849537	0.008193580616856164	0.008003266136716978	0.00782070146303982	0.0076411833586778055	0.007461040625581243	0.007277697718742957	0.007089657776923959	0.006896413496807407	0.00669830400251117	0.006496341500694385	0.006292032397533405	0.006087214040896457	0.005883921518923076	0.00568429066754859	0.005490495389150606	0.0053047110772704775	0.005129092367226827	0.004965752922945345	0.004816737219539945	0.004683978478675711	0.004569241963095892	0.004474057601436821	0.004399649442240917	0.0043468711177206765	0.004316156152163643	0.004307489805968299	0.004320405771880199	0.004354007150223413	0.004407007592454428	0.004477785877180627	0.0045644459876616845	0.004664875118391968	0.00477679384623301	0.004897795294483822	0.0050253735886987725	0.005156944662576168	0.005289864863644429	0.005421453857751657	0.005549028149330945	0.005669949929699526	0.00578169342702006	0.00588192774884377	0.005968612062799434	0.006040095937973184	0.0060952153645799185	0.006133375532598167	0.0061546109751890975	0.00615961533706562	0.006149736091219364	0.00612693260409633	0.006093699251446345	0.006052958344796546	0.006007929976678148	0.005961987258186912	0.00591850694900374	0.005880724953932555	0.005851599762022011	0.005833696847685819	0.005829096323263459	0.005839322445095198	0.005865299929262745	0.00590733853512091	0.0059651360630701864	0.0060378346100576534	0.0061239460874246135	0.006221545697196982	0.0063283167744151115	0.006441619522910187	0.006558584236776515	0.006676218833871379	0.00679151175860817	0.006901537471708362	0.0070035587928385405	0.007095122563187692	0.007174144842516568	0.007238982063403624	0.00728848486329554	0.007322031596672736	0.007339539740205584	0.007341457336244028	0.0073287394682345795	0.007302809487742958	0.007265507040626379	0.007219030786224382	0.007165870562638141	0.007108722880735958	0.007050395895488865	0.006993713227816747	0.006941421806709491	0.006896106194485754	0.006860112107912664	0.006835481861944173	0.00682390315447099	0.006826670961985065	0.006844661376921422	0.006878316189793853	0.006927637197932278	0.006992189006374827	0.007071108685313508	0.007163121944432253	0.007266572196046115	0.0073794695699347865	0.007499537913835036	0.007624258274436492	0.007750957499019198	0.00787691024050022	0.00799941822845091	0.008115887803122048	0.008223907680832334	0.008321316300005911	0.008406259401657798	0.008477240521440365	0.00853316230870902	0.008573355358413972	0.00859759245318627	0.008606087373750947	0.008599478510448616	0.008578798423797432	0.008545431239459497	0.00850106029440343	0.008447608678704166	0.008387175153887047	0.008321967488668496	0.008254234804160963	0.008186200314983358	0.008119996091401351	0.008057601941778274	0.008000790614054792	0.007951081167913767	0.00790970201072404	0.007877564722791618	0.007855249153213754	0.007842999432626582	0.007840729826830777	0.007848038948120677	0.007864230820679082	0.007888341620059842	0.007919171403683653	0.007955320576112694	0.007995230998837758	0.00803723151970495	0.008079587362969827	0.008120552423803022	0.008158423130547989	0.008191592202870334	0.00821860038677419	0.00823818416352007	0.008249317558015482	0.008251246475799353	0.008243514365254076	0.00822597832609092	0.008198815032373012	0.00816251605297968	0.008117872408863686	0.008065948554225912	0.008008046408033482	0.007945660549429323	0.007880426154449349	0.007814061613273929	0.00774830796582153	0.007684867311162149	0.007625342218738435	0.0075711779725375515	0.007523609304419719	0.007483613201345795	0.007451869443228273	0.007428730702961565	0.007414204183677783	0.0074079467007865454	0.007409274704479752	0.0074171899604066754	0.007430420544649269	0.007447475595303885	0.007466711036795605
2.356194490192345	1.2993739718469688e-7	2.056517332079741e-6	1.0195510576880659e-5	3.124176148482027e-5	7.322268748422414e-5	0.00014434140368028224	0.00025177647540123644	0.00040060890689982384	0.000593024475474944	0.0008278952326201465	0.0011007857048813713	0.0014043668493034713	0.0017291642263633576	0.0020645247383990536	0.0023996643433995255	0.0027246593768704987	0.0030312646547963327	0.0033134773021215023	0.0035678090595768937	0.0037932738043084274	0.003991134096748059	0.004164475627949918	0.004317689065536974	0.004455935392771227	0.004584656244010213	0.00470916940658271	0.0048343665931136915	0.004964510330225562	0.005103112614379059	0.005252871361706491	0.005415641336173698	0.005592422412909442	0.005783357062832246	0.005987737975612358	0.006204033364909468	0.006429940234514184	0.006662474367519049	0.006898100744934649	0.007132901004593485	0.007362767280790237	0.007583606097050854	0.007791533222329905	0.007983041131245993	0.008155124734346922	0.008305357487829849	0.008431917532072645	0.008533570681565883	0.008609622592612018	0.008659855367934935	0.008684463863624646	0.008684004248147992	0.008659362614915032	0.008611745657886095	0.008542689742875574	0.008454080033342285	0.008348168560044803	0.008227579516458866	0.008095291623564094	0.007954590689699068	0.00780899019740073	0.007662122186934274	0.007517605458230742	0.007378901243547187	0.00724916837783436	0.007131130094589684	0.007026963196455359	0.006938217672605167	0.006865771427193943	0.006809821053243584	0.006769906499733033	0.0067449652438019425	0.006733408621472138	0.0067332133587299356	0.006742021788666244	0.006757244886092501	0.006776163821753678	0.006796027316028602	0.006814143390119984	0.0068279650666062145	0.006835170123790441	0.006833733793146544	0.006821993268256149	0.006798707689433432	0.0067631035130596324	0.006714905355939826	0.006654352772025848	0.006582196739781621	0.006499672842806213	0.006408459248407612	0.006310579322427535	0.006208444745076658	0.006104620803594527	0.006001755375561257	0.005902483329731925	0.0058093261982954565	0.005724586135229359	0.005650258047216754	0.005587956076413772	0.005538857016536323	0.00550366237481837	0.00548257957289812	0.005475321989680118	0.005481127134297159	0.0054987922479431866	0.0055267261571448935	0.005563013353850396	0.0056054839342709025	0.005651788295944531	0.0056994755087865735	0.005746068540777918	0.005789139894249403	0.00582639375663213	0.005855749719886934	0.0058754189912150765	0.005883967385809982	0.005880362661641998	0.005864003943328995	0.00583473114468924	0.005792814104481643	0.005738923541126677	0.005674087600199676	0.005599638355922978	0.0055171526288888195	0.005428391329942617	0.005335241160476396	0.005239660517096119	0.0051436250564016765	0.00504906800357227	0.004957835154192468	0.004871656288912812	0.004792090837487953	0.004720468843607088	0.004657859029064814	0.004605052618581528	0.004562555056367616	0.004530587162615444	0.004509093889815682	0.004497757938556735	0.004496017883526998	0.004503091539915701	0.004518004923765821	0.0045396264372110405	0.004566705401947879	0.004597913781125853	0.004631889714354483	0.004667281263196645	0.0047027886287065255	0.004737203218858317	0.004769442271848267	0.00479857807702017	0.004823861097130914	0.004844736484817403	0.0048608535800796875	0.004872068086979952	0.00487843690924811	0.004880206053682332	0.00487779246073191	0.004871761006723451	0.0048627981914669246	0.004851684095886487	0.004839263989481747	0.00482642050734252	0.004814046738089478	0.004803020072891798	0.004794176455387882	0.004788284832228447	0.00478602206649615	0.004787949154254216	0.004794490073161622	0.004805914850110774	0.004822328394582229	0.00484366628995215	0.004869698105776985	0.0049000380080709	0.004934161687210155	0.004971428081143511	0.005011104153330174	0.005052391084898099	0.005094450565625044	0.00513643029123301	0.005177488177025492	0.005216815095443921	0.005253656103323016	0.005287330167504295	0.0053172483893312444	0.005342930728299707	0.005364021243495803	0.005380301866729432	0.005391704631724381	0.005398322062623053	0.005400415058511709	0.005398417134041934	0.005392933400039916	0.00538473238294776	0.005374728901460071	0.005363956870778056	0.005353532045557035	0.005344606124802159	0.005338315014906367	0.005335725079190399
2.4870941840919194	0.02313001323509593	0.02282198998664978	0.02232210068515633	0.021650515983690926	0.020833819272849965	0.019903055151112382	0.018891565903776775	0.017832837739013885	0.016758560102321827	0.01569705767520372	0.014672193818259016	0.013702776635838654	0.012802435261176083	0.011979883618001267	0.011239458033049564	0.010581806012599193	0.010004614646281487	0.009503293524359073	0.009071561694511983	0.008701923383821699	0.008386046217877781	0.008115073831711768	0.00787991021881668	0.007671506883412533	0.007481169158643282	0.007300879635473666	0.007123619481066372	0.006943656663432771	0.006756766276636195	0.006560352813283369	0.006353455970278295	0.006136637564507927	0.00591176383266169	0.005681711357437967	0.005450033489159418	0.005220626103082718	0.004997426985880763	0.004784173503917413	0.004584230765090494	0.0044004898551422865	0.004235325273072015	0.00409059407765562	0.003967657203025011	0.0038674056317842976	0.003790279536867771	0.0037362755236808013	0.0037049440059098667	0.0036953840540944094	0.003706245795888121	0.003735750291176718	0.003781734061448654	0.0038417209254612123	0.003913018581384652	0.00399283257543445	0.004078386935890919	0.004167039317449596	0.004256379249389006	0.004344300733394414	0.004429044465592518	0.0045092093339407805	0.00458373739918749	0.004651879633266102	0.004713151687635856	0.004767289159031172	0.004814210443388502	0.004853992706466823	0.004886863179133794	0.004913204557454614	0.004933570373187402	0.004948703888436306	0.004959552807531378	0.004967273464978694	0.004973218827791091	0.004978906842360371	0.004985968696519168	0.004996079348047766	0.0050108750887971395	0.005031864674470672	0.005060341403616522	0.0050973033438535655	0.005143388959777417	0.005198833099264323	0.005263442009583934	0.005336595403459979	0.00541727141267644	0.00550408989585129	0.005595372531445617	0.005689216950492848	0.005783571368952744	0.005876348761139241	0.00596538248249683	0.006048645033337449	0.0061242819629730065	0.006190666589159619	0.0062464532236404385	0.006290625839516502	0.006322536406659522	0.006341930413326597	0.006348960485112142	0.0063441868069250874	0.006328563534194951	0.006303410768321439	0.0062703719930931115	0.006231357092909268	0.0061884721232044635	0.006143940888324216	0.006100026791243488	0.006058957420565666	0.006022851877997618	0.0059936569166908794	0.005973089526011942	0.005962581099432798	0.0059632282148424165	0.005975756103993971	0.00600049691820416	0.006037383236980058	0.0060859572511396745	0.006145395889622035	0.0062145511086777044	0.0062920028966032835	0.006376121201996967	0.006465132467633211	0.006557186507786167	0.006650419655409699	0.006743010278074144	0.006833224598411538	0.00691945836436382	0.007000281701237228	0.0070744640791951035	0.0071409731160724625	0.007199001929774355	0.007248015665984251	0.007287773147630575	0.007318319053846063	0.007339960725022021	0.007353239296378305	0.0073588975340726295	0.0073578443114258795	0.007351116054792303	0.007339835636310566	0.007325169394166869	0.007308283558972519	0.007290301780250099	0.007272265495569725	0.00725509877206201	0.007239579121752958	0.0072263155490055265	0.007215734585855868	0.007208074444273824	0.007203386949842599	0.007201546622296359	0.007202266032599954	0.007205116562996987	0.007209553965487971	0.0072149482235429495	0.007220616816701717	0.007225859789943212	0.007229994469577746	0.007232387414918461	0.007232481270212968	0.007229814649610144	0.007224034071180265	0.0072148981046705855	0.007202275011901296	0.007186135914529267	0.007166545716080919	0.007143653633305946	0.007117684443293571	0.0070889307007568165	0.007057745472840077	0.007024534738327658	0.006989748562646969	0.006953870445036277	0.006917404706574589	0.006880862271332024	0.0068447455388733	0.006809533188930082	0.006775665720557763	0.00674353238049862	0.006713459956565227	0.0066857037621334756	0.006660441050752981	0.006637767070859717	0.00661769395136896	0.006600152527905224	0.0065849970262070985	0.006572012221208353	0.006560922350977286	0.006551400775841457	0.006543079234688692	0.006535555662716595	0.006528399966615826	0.006521157877599993	0.006513353851246497	0.006504494681064093	0.006494075775249291	0.006481591779506143	0.006466552459487681	0.006448503674155374	0.006427052129214117
2.6179938779914944	1.2993740435674594e-7	2.0561128070111377e-6	1.0187513505166918e-5	3.1186817528961834e-5	7.299456433602064e-5	0.00014364129007153669	0.00025002453315152483	0.00039683009127527876	0.0005857512440942757	0.0008151108363889029	0.0010799279042405453	0.0013724037901656418	0.0016827434163056538	0.0020001847218445138	0.0023140890167034534	0.0026149487521395062	0.0028951943310260068	0.0031497219874061077	0.0033761122690345487	0.003574554634825569	0.003747530694027657	0.0038993316797734105	0.0040354930172009	0.0041622216145575834	0.0042858736112325315	0.004412517077308608	0.004547591126502607	0.004695654700361121	0.004860207755002261	0.005043565430365197	0.005246770676797138	0.005469539948502043	0.005710246478523949	0.005965953068742134	0.006232508955712222	0.006504722249039804	0.006776611283408627	0.007041726828315955	0.007293525052346022	0.007525761142974968	0.007732867745139457	0.007910282163595557	0.00805469167883459	0.008164176347403134	0.008238241452138593	0.008277745079314657	0.008284737925071551	0.008262240637676556	0.008213987799530873	0.008144166921237901	0.008057176224456848	0.007957417785681849	0.007849134330140927	0.007736290174282565	0.0076224906241895785	0.007510930469663134	0.007404361148234291	0.007305067455834741	0.007214847608532662	0.007134994459807896	0.007066279000594373	0.007008940441152553	0.006962688479387955	0.006926723310526347	0.00689977752054	0.006880181442617392	0.0068659505622096	0.00685489057595886	0.006844713203652306	0.006833154613273679	0.006818088331856407	0.00679762415056136	0.006770187050379776	0.006734572631895838	0.006689977917652828	0.006636008806664148	0.0065726674736111676	0.00650032431117014	0.006419679539169078	0.006331719466422518	0.006237670372658864	0.006138952871908398	0.006037142364448859	0.0059339270260838324	0.005831066443749105	0.005730350684843237	0.005633556644647206	0.005542398242081013	0.005458481035271786	0.005383217646285864	0.005317898191050738	0.0052634972696898605	0.005220674876181417	0.005189752657930722	0.005170688854337399	0.00516307403927606	0.005166138650030263	0.005178777632483796	0.0051995896632444395	0.0052269287310930425	0.0052589652673428995	0.0052937536815920345	0.0053293033892466415	0.005363651158047552	0.005394932774199005	0.005421449166118264	0.005441718780904769	0.00545451463855193	0.005458891388887933	0.005454202290856084	0.005440107881073286	0.005416579745695326	0.0053838964730229385	0.005342629707905775	0.005293620648900203	0.005237946689513704	0.005176877889298467	0.005111823872797316	0.0050442731301556945	0.004975728346742689	0.004907642532976884	0.004841360772744778	0.004778071553659062	0.004718770597539389	0.0046642393767185085	0.004615038667740955	0.004571510920694835	0.0045337835055843	0.004501790178061964	0.004475316379737911	0.004454022701012717	0.004437445931084486	0.004425012272206258	0.004416072950978621	0.004409947855496236	0.004405963241641993	0.004403481290352532	0.004401923131209815	0.004400786411178496	0.004399658054872427	0.0043982227172031626	0.004396267319764533	0.004393681988484542	0.004390457667930426	0.004386680596591294	0.004382523694400922	0.004378234903581124	0.004374122775007018	0.0043705399447336235	0.0043678652837895356	0.004366485445515187	0.004366776513432897	0.004369086385407618	0.004373718253024745	0.004380915304703453	0.004390846921800927	0.004403597056087167	0.004419155852982381	0.004437415709519132	0.004458172778896445	0.004481134471597971	0.004505932813447507	0.004532142734418001	0.00455930367555506	0.004586942503828353	0.004614595714043551	0.004641829245767532	0.004668254822974224	0.004693542362476971	0.0047174285365967844	0.004739721914131794	0.004760305214781955	0.004779135142208713	0.00479624010581979	0.004811716004069166	0.00482572018821464	0.004838463763776933	0.0048502024846737695	0.004861226608428635	0.004871850171920691	0.004882400182151849	0.0048932061682474565	0.0049045904076295815	0.00491685896286945	0.0049302935200266525	0.0049451439680228216	0.004961621717784572	0.004979893896754244	0.005000078711484254	0.005022242381762621	0.005046398041751585	0.005072506821424388	0.005100480975435564	0.005130188524998131	0.0051614585943477445	0.005194086601780684	0.00522783873637745	0.0052624556132795436	0.005297655473809572	0.005333137610896734
2.748893571891069	0.021553699402520495	0.02124574309496445	0.02074637834678778	0.020076508860670375	0.01926370995746365	0.01834016990041837	0.017340408517675012	0.016299007881726908	0.015248569455681184	0.014218065023266627	0.013231683840804198	0.012308207057154677	0.011460874046234243	0.01069765359377676	0.010021802194362018	0.009432584104008084	0.008926041035854796	0.00849572777372972	0.008133365721752439	0.007829401339239215	0.007573483620864054	0.007354889875504146	0.0071629307827567835	0.006987355891531572	0.00681876357281433	0.0066490003818705885	0.006471519179937691	0.0062816573109361245	0.006076797658049439	0.005856386192793405	0.005621797237604545	0.00537605823014231	0.005123464962936626	0.004869132232895003	0.004618531018851184	0.004377060901548688	0.004149696424266763	0.003940730883583825	0.0037536238860369823	0.003590943245854151	0.0034543801713959495	0.0033448108357126993	0.003262377671276122	0.0032065691436958497	0.0031762854914214496	0.00316988766768763	0.0031852352576127903	0.003219724755060605	0.00327034136709716	0.003333735464189256	0.0034063297126423545	0.0034844561601288515	0.0035645156730581295	0.0036431465637972566	0.0037173861381899023	0.0037848086257260545	0.0038436255317863374	0.0038927392108467403	0.003931746506404905	0.0039608952995672094	0.003981002347924295	0.003993344195744457	0.003999534660049777	0.004001401894023192	0.004000875757323695	0.003999892811227074	0.004000322300703294	0.004003912733152233	0.004012255745255486	0.004026761928236844	0.0040486424840503205	0.004078892054457777	0.004118269140539027	0.004167272642579643	0.004226115482952594	0.004294698347025513	0.004372587957300546	0.0044590048472308635	0.004552825240930445	0.004652600381742874	0.004756595849638365	0.0048628501043220095	0.004969246065858715	0.005073599151011968	0.005173751777853171	0.005267666895873827	0.00535351583524753	0.005429757632042096	0.005495193471424248	0.005549040876943182	0.0055908274527087685	0.005620544457622571	0.005638576668041823	0.005645663497100999	0.00564286327907466	0.005631500293438848	0.0056131112769326405	0.005589389966958877	0.005562131329034145	0.00553317688190005	0.005504361702297712	0.00547746329812378	0.00545415216809948	0.005435943458661379	0.005424149660678386	0.005419838203693808	0.00542380244257435	0.005436548084112092	0.005458287746337175	0.005488942127620934	0.005528149658788453	0.00557528389166109	0.005629479507215848	0.005689666597016973	0.005754611640069439	0.005822964407537048	0.005893310336577444	0.00596422755694825	0.006034346721367289	0.00610241022426907	0.006167326130488186	0.006228212027824523	0.006284425067913136	0.006335575774067505	0.006381524032116898	0.006422357768581059	0.006458362802848338	0.006489995232716921	0.006517837476588468	0.006542530079483368	0.006564733349363093	0.006585121435670124	0.0066043662858308325	0.006623098592204515	0.006641862796636609	0.006661081586704404	0.006681031978421477	0.006701831908285887	0.006723436569094247	0.0067456436665409404	0.006768106744122249	0.0067903555985518805	0.006811822545936514	0.006831873051336657	0.0068498391450858565	0.006865054099849644	0.006876886831693285	0.006884774263625173	0.0068882496953754585	0.006886965524915959	0.006880709430203111	0.006869413820575276	0.006853158820455598	0.006832169423381979	0.006806807685675651	0.006777560739106895	0.006745025052140433	0.006709886978705611	0.006672899436823869	0.006634854718827664	0.006596553952551455	0.006558774450719903	0.006522236859123044	0.006487574409234566	0.006455306566351816	0.006425818953299102	0.0063993507501198576	0.0063759899932132645	0.006355676475094474	0.006338211381298532	0.006323272443195419	0.006310433236375066	0.006299185276967229	0.006288961700284884	0.006279161479865572	0.006269173310658482	0.006258398416544789	0.006246271647825707	0.0062322803129099625	0.006215980250745373	0.006197008723435524	0.006175093830148914	0.006150060332677488	0.006121832009266078	0.006090430843693311	0.006055973442350249	0.0060186650335595305	0.005978791275783856	0.00593670795044278	0.00589282851684253	0.00584760953680688	0.005801534184728819	0.005755094425495255	0.005708772856352535	0.005663025501552583	0.005618266881002548	0.005574858408852755	0.005533100693136288	0.00549322974898194	0.005455416649902153
2.8797932657906435	1.2993740886528162e-7	2.0558588452940214e-6	1.018249812457713e-5	3.115240577397341e-5	7.285192805598087e-5	0.00014320441457629958	0.00024893388083597394	0.0003944840188008171	0.0005812496570932668	0.0008072259752179427	0.0010671143866227142	0.0013528545899743414	0.0016544914155019585	0.0019612422588632873	0.0022626119149047027	0.0025494077907491446	0.002814536610062818	0.003053507053320326	0.0032646124826164967	0.0034488148907220093	0.0036093878841293777	0.003751398030175796	0.0038811088676848084	0.004005382230286704	0.004131131764352644	0.004264859496176702	0.004412283846240788	0.00457805116898483	0.004765515176117238	0.004976569538437167	0.005211526473329882	0.005469044707245116	0.005746119899003595	0.006038156004767046	0.006339135066488289	0.006641895162541198	0.006938513153730932	0.007220773099762715	0.007480686171859535	0.007711016781067819	0.007905764884895248	0.008060557126426462	0.008172909222564808	0.008242337147905036	0.008270312539147283	0.00826007540290068	0.00821633191527379	0.008144874848585306	0.008052167968552177	0.00794493373886243	0.007829776923707425	0.007712866923780493	0.00759969088848551	0.007494879719046033	0.007402101291599379	0.007324010539115552	0.007262244367442952	0.007217450356412134	0.007189340821721401	0.00717676738736072	0.0071778139178006045	0.0071899080003757845	0.0072099515290939995	0.007234470113464456	0.007259778973528928	0.007282160325665469	0.007298044616029523	0.007304185918431356	0.00729782072556016	0.0072767998957829665	0.007239685436893722	0.007185805470385856	0.007115264815050963	0.007028912446642309	0.0069282703675100955	0.006815431224197556	0.006692933928019867	0.006563627359096858	0.0064305319944289755	0.006296708198575572	0.006165136856665552	0.00603861742518392	0.0059196891812412005	0.00581056627520696	0.005713091075411461	0.005628704212524537	0.005558425374135516	0.0055028406099626136	0.005462107167205501	0.005435925396645429	0.005423680299721396	0.005424302163880217	0.005436364436593306	0.005458125881412243	0.005487583320174201	0.005522538360923212	0.005560673864891238	0.005599637160088235	0.005637126982828512	0.005670979490088266	0.005699248554822412	0.005720275900151759	0.0057327476769470954	0.005735735767987642	0.005728723088407232	0.0057116093788650004	0.005684689937539241	0.005648608497391784	0.005604300160617584	0.005552933402092785	0.0054958477419046955	0.005434488354336611	0.005370343328216012	0.005304886519339906	0.00523952644375646	0.005175561053275202	0.005114137860071502	0.005056218740227664	0.005002549554993951	0.0049536362013570985	0.004909729830242703	0.004870823919723095	0.004836664820310242	0.0048067763248175336	0.004780498385747094	0.004757038519978993	0.004735527427422234	0.004715067421219142	0.004694788271392335	0.004673917126337988	0.004651817261662417	0.004627995875329557	0.004602116368659571	0.004574017306159232	0.004543724922100986	0.0045114534835163375	0.004477593953429955	0.004442692563270325	0.004407421284262944	0.004372542694373481	0.004338871844896224	0.004307237477754071	0.004278444560551369	0.00425323965170073	0.004232280103750246	0.00421610766395572	0.004205126832430449	0.004199588500555172	0.004199579650298146	0.004205019737354417	0.004215663738986372	0.0042311112581656825	0.0042508209117879505	0.004274129312038729	0.0043002740048259545	0.004328419720435058	0.004357687291405226	0.00438718462358221	0.0044160390963884555	0.004443430601923038	0.004468624070190127	0.004490999883776132	0.00451008027382289	0.004525549785971965	0.004537268241031728	0.004545275181805663	0.004549785445937012	0.004551176142337931	0.004549965912326799	0.0045467879138388215	0.004542358426461071	0.004537443251903649	0.004532824108690051	0.0045292669798592915	0.004527493926581461	0.004528159334436107	0.004531831028857229	0.004538976275149619	0.004549952414046372	0.004565001767370392	0.004584250422967787	0.004607710498087724	0.004635285433941204	0.004666777791484603	0.004701898945033349	0.004740280060622063	0.004781483828013501	0.004825016578285297	0.004870340621796698	0.004916886824379442	0.004964067538207643	0.00501128997112798	0.005057969913521564	0.005103545504530569	0.005147490510224195	0.0051893264981892435	0.005228633364116096	0.0052650578626756836	0.00529832003324316	0.005328217597838143
3.0106929596902186	0.02081890389463256	0.020510982203643408	0.020011888472445446	0.01934290404296943	0.018532113074200142	0.017612286731917243	0.016618539164926668	0.015585997017063119	0.014547702829807435	0.013532923778569796	0.012565970150322346	0.01166555455710541	0.010844654996449495	0.010110792467037909	0.009466603277138224	0.00891057932299823	0.008437863901684259	0.008041019935935284	0.00771072365843468	0.007436371414281066	0.0072066133403161725	0.007009841049259862	0.006834656201972405	0.0066703352972363955	0.006507287824649918	0.0063374859091645044	0.006154829239760024	0.005955403423589626	0.00573759463264539	0.005502037662369545	0.0052513952581961934	0.004989989363290411	0.004723325054845182	0.004457561361329238	0.004198987445639744	0.003953557345853463	0.0037265230908639264	0.0035221875666400795	0.003343778788542527	0.0031934299595358794	0.00307223776644064	0.002980366351966166	0.00291716633480955	0.0028812857830779926	0.0028707608576790757	0.0028830852169420703	0.002915266697942832	0.0029638854438452066	0.003025168701454823	0.003095094190713033	0.0031695273671607377	0.0032443897443826977	0.003315847581590678	0.003380504273609805	0.003435576903707584	0.0034790379420256427	0.0035097068391654225	0.0035272823609128596	0.0035323138293417307	0.0035261164362141127	0.0035106419292902365	0.0034883195608646175	0.0034618837378500096	0.003434203781932802	0.003408128410534365	0.003386353485445199	0.0033713171596791284	0.003365122483792624	0.0033694844756779314	0.003385696669900561	0.0034146114933120662	0.003456630221496676	0.003511699445265292	0.0035793128927405164	0.003658519599260973	0.0037479409459891377	0.0038457998853304383	0.0039499655832009725	0.004058015724720534	0.004167316960837604	0.004275122783778774	0.004378684458615555	0.004475366112602473	0.0045627649554761006	0.004638823044824324	0.0047019216452661855	0.004750955221631792	0.004785380176857015	0.0048052237406999545	0.004811100091629906	0.004804043641488628	0.004785594755752233	0.004757642376976207	0.004722332064799234	0.004681956909822651	0.004638856796798706	0.00459532330237039	0.004553516567137827	0.004515396554079281	0.004482669563799722	0.004456749672876569	0.004438733773181322	0.004429388077205598	0.004429143296394466	0.004438096149908598	0.004456018945363045	0.004482384457939538	0.0045164069611773406	0.0045570865799746795	0.004603250750532353	0.004653601088763829	0.004706767633481654	0.004761363872495257	0.004816039371256692	0.004869529639448585	0.004920702387017686	0.00496859920318372	0.005012471905771418	0.005051812348090267	0.005086373336652795	0.0051161774885145435	0.005141511316803082	0.005162903449167305	0.005181087450640081	0.005196950402357978	0.005211469959619562	0.005225649677786044	0.005240465428006158	0.005256808513022004	0.005275418300178258	0.005296849678099506	0.005321470252756613	0.00534944956850221	0.005380744822630675	0.005415094945466408	0.005452024292196913	0.005490856838928304	0.005530741380884324	0.005570686864031288	0.005609606110772097	0.005646365658294454	0.00567983907101481	0.005708960886585513	0.005732778334392709	0.005750498146578814	0.0057615261072296	0.005765497276916019	0.005762294958264517	0.005752056721673768	0.005735166764009676	0.005712235507065897	0.005684068771477831	0.005651629394228788	0.0056159940302586775	0.005578307627875669	0.005539737803185028	0.005501430917081333	0.005464471108259344	0.005429843060073714	0.005398399048153551	0.005370830850144827	0.00534764726562621	0.005329158092865303	0.005315465308949627	0.005306461925054399	0.005301838674097707	0.005301098443378782	0.005303578173500704	0.005308477692185953	0.005314894544227838	0.005321863340303906	0.005328397614787719	0.005333531827558545	0.005336361085857875	0.005336076419104901	0.0053319939370115145	0.005323576808303075	0.0053104495801391295	0.005292404828967351	0.005269402475948887	0.00524156235931339	0.005209150894100124	0.00517256289496867	0.005132299862186322	0.0050889461704298825	0.005043144597828856	0.004995572472299201	0.004946919423735074	0.004897867377418197	0.004849073083668452	0.0048011532219479364	0.004754671985307184	0.004710131038479836	0.004667961800727952	0.004628520060967269	0.004592082927304991	0.00455884802443933	0.004528934705235121	0.00450238689491553	0.004479177101733053
3.141592653589793	1.2993741040314868e-7	2.0557722825414644e-6	1.0180789552886742e-5	3.114069106147947e-5	7.280341295790549e-5	0.00014305597476917738	0.0002485637587388259	0.00039368899137096823	0.0005797266594333967	0.0008045632573253383	0.001062796275637884	0.0013462820123773481	0.001645017888976386	0.0019482225916639543	0.002245458851211774	0.002527650700513026	0.0027878762291939	0.003021861184511475	0.003228149196855735	0.0034079717002101304	0.0035648771165648703	0.003704199818282381	0.003832453540833744	0.00395672344953057	0.004084110703142295	0.004221259141530068	0.004373971566035991	0.0045469075074675135	0.004743347692201883	0.004965012439440548	0.005211929597010873	0.005482358600710054	0.005772786709902528	0.006078017980691047	0.00639137309807681	0.0067050086723609145	0.007010349693619473	0.007298611558922177	0.007561372075625824	0.007791142513151039	0.007981882580671168	0.008129408162675591	0.008231652170264005	0.008288755984651064	0.008302988765439	0.008278511136239463	0.00822101552313129	0.008137285613123822	0.008034721057687157	0.00792087090288878	0.007803011524135619	0.007687793999885845	0.007580974017015421	0.007487226591530677	0.00741003945282252	0.007351673842226933	0.007313179587159987	0.007294452191550604	0.007294322233064389	0.007310670837859381	0.007340567544066878	0.007380428992474813	0.007426196973389171	0.007473533388183149	0.007518027444672094	0.007555407851431657	0.007581750351655258	0.0075936693323916974	0.007588481756804165	0.007564332909875627	0.0075202760980233796	0.0074563008449196186	0.007373308787692768	0.007273040787505409	0.007157962210139858	0.007031116254708855	0.006895956967948095	0.006756174103026854	0.0066155213370833734	0.006477657785131505	0.0063460091809763	0.006223654253467471	0.006113241732773039	0.006016927362343744	0.005936336011591654	0.005872546439853957	0.005826089654147738	0.005796958053879658	0.005784635315759887	0.0057880926107044366	0.005805962939986663	0.005836417593468035	0.00587730463490082	0.005926204207634036	0.005980516041514429	0.006037544323670488	0.00609459268001298	0.006149062673098526	0.006198550700578092	0.006240938271056107	0.006274470355453254	0.006297817098488558	0.00631011562451914	0.006310990807678899	0.006300555212626594	0.006279385528130461	0.006248468265089975	0.0062091174769586185	0.006162885829872009	0.0061114817739808085	0.00605668530116782	0.006000262681938596	0.005943891291689728	0.005889098648911548	0.005837214494618224	0.005789334679323269	0.005746295408430882	0.0057086560982606135	0.0056766897430994105	0.005650381261094664	0.005629435668448971	0.0056132980492032	0.005601186257755097	0.005592136303741238	0.005585060144101698	0.0055788141363417735	0.005572268819224458	0.005564366920401616	0.0055541839823688354	0.005540998116724185	0.00552432164758665	0.005503901393319564	0.005479725666645999	0.005452028597203399	0.005421281037652995	0.005388170798572269	0.00535357217604408	0.0053185052464721555	0.0052840877212521195	0.005251482806804114	0.005221846361324878	0.005196276246717685	0.005175766184758203	0.005161165717124174	0.005153147173310593	0.005152180011697302	0.005158512701201265	0.0051721625470173525	0.005192914198010121	0.0052203273501354635	0.005253753260968712	0.005292358868033916	0.005335157188520011	0.005381042967353052	0.005428832615971251	0.0054773072920174465	0.005525257830670503	0.005571530231550432	0.0056150703453060865	0.005654966158267012	0.005690485704902347	0.005721108354356388	0.0057465472508436465	0.00576676114987651	0.005781954686263649	0.005792566990339904	0.005799249321939606	0.005802832973405112	0.00580428919941959	0.0058046834452770155	0.005805126619394114	0.00580672643375646	0.005810541764920932	0.005817542522950058	0.005828576746895003	0.0058443457569075895	0.005865387387116554	0.0058920667514045545	0.005924573712127533	0.005962926181843672	0.006006978471998819	0.006056433983893058	0.006110861541001734	0.006169714587430961	0.00623235237889726	0.00629806223657577	0.006366081965147165	0.006435621662745518	0.0065058843443201	0.006576085007376479	0.006645467931690734	0.006713322085911841	0.006778994516028795	0.006841901551530038	0.006901537639627662	0.006957481653851911	0.007009400640897663	0.007057051150544575	0.007100278481796364	0.007139014298605695
3.2724923474893677	0.020818903894632555	0.020510982203643405	0.020011888472445442	0.01934290404296943	0.01853211307420014	0.01761228673191724	0.016618539164926668	0.015585997017063119	0.014547702829807439	0.013532923778569792	0.01256597015032234	0.011665554557105405	0.010844654996449495	0.010110792467037909	0.009466603277138221	0.008910579322998224	0.008437863901684255	0.00804101993593529	0.007710723658434677	0.007436371414281066	0.0072066133403161725	0.007009841049259862	0.006834656201972406	0.006670335297236398	0.006507287824649918	0.006337485909164502	0.006154829239760029	0.005955403423589623	0.005737594632645392	0.005502037662369543	0.005251395258196199	0.004989989363290415	0.00472332505484518	0.004457561361329242	0.0041989874456397425	0.003953557345853463	0.0037265230908639303	0.0035221875666400795	0.003343778788542521	0.0031934299595358776	0.0030722377664406417	0.002980366351966166	0.0029171663348095504	0.002881285783077991	0.002870760857679074	0.0028830852169420686	0.002915266697942834	0.0029638854438452053	0.0030251687014548213	0.00309509419071303	0.0031695273671607355	0.0032443897443826947	0.0033158475815906765	0.0033805042736098066	0.0034355769037075824	0.0034790379420256445	0.0035097068391654255	0.003527282360912863	0.0035323138293417307	0.0035261164362141166	0.003510641929290235	0.003488319560864614	0.003461883737850011	0.0034342037819327983	0.0034081284105343685	0.003386353485445199	0.003371317159679132	0.0033651224837926274	0.0033694844756779314	0.0033856966699005574	0.0034146114933120662	0.003456630221496676	0.003511699445265292	0.0035793128927405164	0.0036585195992609684	0.0037479409459891377	0.0038457998853304465	0.0039499655832009725	0.004058015724720531	0.004167316960837604	0.0042751227837787694	0.004378684458615554	0.004475366112602472	0.004562764955476095	0.004638823044824319	0.004701921645266181	0.0047509552216317965	0.0047853801768570105	0.004805223740699953	0.004811100091629912	0.004804043641488628	0.004785594755752233	0.004757642376976207	0.004722332064799234	0.004681956909822651	0.004638856796798706	0.00459532330237039	0.004553516567137827	0.004515396554079278	0.004482669563799722	0.0044567496728765655	0.004438733773181322	0.004429388077205593	0.004429143296394466	0.004438096149908602	0.004456018945363045	0.004482384457939538	0.004516406961177337	0.004557086579974684	0.004603250750532357	0.004653601088763833	0.004706767633481658	0.004761363872495261	0.004816039371256692	0.004869529639448585	0.004920702387017682	0.00496859920318372	0.005012471905771418	0.005051812348090267	0.005086373336652791	0.0051161774885145435	0.005141511316803086	0.0051629034491673005	0.005181087450640085	0.005196950402357978	0.005211469959619562	0.005225649677786039	0.005240465428006154	0.005256808513022004	0.005275418300178258	0.005296849678099506	0.005321470252756619	0.005349449568502205	0.005380744822630671	0.005415094945466408	0.005452024292196908	0.005490856838928304	0.005530741380884324	0.005570686864031288	0.005609606110772102	0.005646365658294448	0.00567983907101481	0.005708960886585519	0.005732778334392709	0.005750498146578814	0.0057615261072296	0.005765497276916015	0.005762294958264511	0.005752056721673768	0.005735166764009676	0.005712235507065897	0.005684068771477831	0.005651629394228783	0.005615994030258673	0.005578307627875669	0.005539737803185028	0.005501430917081333	0.005464471108259344	0.005429843060073716	0.005398399048153556	0.005370830850144823	0.005347647265626215	0.005329158092865303	0.005315465308949627	0.005306461925054399	0.005301838674097702	0.005301098443378782	0.005303578173500704	0.005308477692185958	0.005314894544227838	0.005321863340303907	0.005328397614787715	0.005333531827558545	0.005336361085857875	0.005336076419104901	0.0053319939370115145	0.00532357680830307	0.005310449580139125	0.005292404828967356	0.005269402475948883	0.005241562359313389	0.005209150894100124	0.0051725628949686655	0.005132299862186327	0.005088946170429878	0.005043144597828856	0.004995572472299201	0.00494691942373507	0.004897867377418201	0.004849073083668452	0.0048011532219479364	0.004754671985307188	0.004710131038479841	0.004667961800727952	0.004628520060967269	0.004592082927305	0.0045588480244393255	0.004528934705235121	0.00450238689491553	0.004479177101733053
3.4033920413889427	1.2993740886528156e-7	2.0558588452940214e-6	1.018249812457713e-5	3.115240577397341e-5	7.285192805598087e-5	0.00014320441457629958	0.000248933880835974	0.0003944840188008171	0.0005812496570932668	0.0008072259752179427	0.0010671143866227142	0.0013528545899743414	0.0016544914155019585	0.0019612422588632856	0.002262611914904703	0.0025494077907491437	0.002814536610062818	0.003053507053320326	0.0032646124826164967	0.0034488148907220093	0.003609387884129376	0.003751398030175796	0.0038811088676848084	0.004005382230286702	0.004131131764352644	0.004264859496176701	0.004412283846240788	0.00457805116898483	0.004765515176117238	0.004976569538437167	0.005211526473329882	0.005469044707245116	0.005746119899003595	0.006038156004767046	0.006339135066488289	0.006641895162541198	0.006938513153730932	0.007220773099762715	0.007480686171859535	0.007711016781067819	0.007905764884895248	0.008060557126426462	0.008172909222564808	0.008242337147905036	0.008270312539147279	0.008260075402900679	0.008216331915273791	0.008144874848585306	0.008052167968552184	0.00794493373886243	0.007829776923707425	0.007712866923780493	0.00759969088848551	0.007494879719046031	0.007402101291599379	0.007324010539115552	0.007262244367442952	0.007217450356412134	0.007189340821721401	0.00717676738736072	0.007177813917800605	0.0071899080003757845	0.0072099515290939995	0.007234470113464456	0.007259778973528928	0.007282160325665467	0.007298044616029525	0.007304185918431356	0.00729782072556016	0.0072767998957829665	0.007239685436893722	0.007185805470385856	0.007115264815050963	0.007028912446642309	0.0069282703675100955	0.006815431224197556	0.006692933928019867	0.006563627359096862	0.006430531994428974	0.006296708198575572	0.006165136856665552	0.00603861742518392	0.0059196891812412005	0.00581056627520696	0.005713091075411463	0.005628704212524535	0.005558425374135516	0.0055028406099626136	0.005462107167205501	0.005435925396645426	0.005423680299721396	0.005424302163880217	0.005436364436593306	0.005458125881412243	0.0054875833201741995	0.005522538360923212	0.005560673864891238	0.00559963716008824	0.005637126982828512	0.005670979490088266	0.005699248554822412	0.005720275900151759	0.005732747676947096	0.005735735767987642	0.00572872308840723	0.0057116093788650004	0.005684689937539241	0.005648608497391784	0.005604300160617584	0.005552933402092786	0.0054958477419046955	0.005434488354336611	0.005370343328216012	0.005304886519339907	0.0052395264437564626	0.005175561053275202	0.005114137860071503	0.005056218740227662	0.005002549554993951	0.004953636201357096	0.004909729830242703	0.004870823919723095	0.004836664820310242	0.0048067763248175336	0.004780498385747096	0.004757038519978993	0.004735527427422235	0.00471506742121914	0.004694788271392334	0.004673917126337989	0.004651817261662417	0.004627995875329557	0.004602116368659571	0.004574017306159232	0.004543724922100983	0.0045114534835163375	0.004477593953429953	0.004442692563270325	0.004407421284262944	0.0043725426943734816	0.004338871844896224	0.004307237477754072	0.004278444560551369	0.00425323965170073	0.004232280103750246	0.00421610766395572	0.004205126832430452	0.0041995885005551735	0.004199579650298148	0.004205019737354417	0.004215663738986372	0.0042311112581656825	0.0042508209117879505	0.004274129312038729	0.0043002740048259545	0.004328419720435058	0.004357687291405226	0.004387184623582209	0.0044160390963884555	0.004443430601923038	0.004468624070190127	0.004490999883776132	0.0045100802738228885	0.004525549785971967	0.004537268241031728	0.004545275181805663	0.004549785445937014	0.004551176142337931	0.004549965912326799	0.00454678791383882	0.0045423584264610685	0.004537443251903649	0.004532824108690051	0.0045292669798592915	0.004527493926581461	0.004528159334436104	0.004531831028857229	0.004538976275149619	0.004549952414046372	0.004565001767370392	0.004584250422967787	0.004607710498087724	0.004635285433941204	0.004666777791484603	0.004701898945033349	0.004740280060622065	0.004781483828013501	0.004825016578285297	0.004870340621796698	0.004916886824379442	0.004964067538207643	0.00501128997112798	0.005057969913521562	0.005103545504530569	0.005147490510224195	0.0051893264981892435	0.005228633364116095	0.005265057862675684	0.00529832003324316	0.005328217597838143
3.5342917352885173	0.02155369940252051	0.02124574309496446	0.02074637834678779	0.020076508860670386	0.019263709957463657	0.01834016990041838	0.01734040851767502	0.016299007881726914	0.015248569455681189	0.014218065023266632	0.013231683840804205	0.012308207057154684	0.01146087404623425	0.010697653593776767	0.010021802194362026	0.009432584104008086	0.008926041035854803	0.008495727773729728	0.00813336572175244	0.007829401339239215	0.007573483620864061	0.007354889875504151	0.007162930782756789	0.006987355891531581	0.006818763572814333	0.0066490003818705954	0.006471519179937695	0.0062816573109361305	0.006076797658049444	0.005856386192793408	0.005621797237604549	0.0053760582301423145	0.005123464962936633	0.004869132232895007	0.0046185310188511875	0.004377060901548694	0.004149696424266763	0.00394073088358383	0.003753623886036983	0.003590943245854151	0.003454380171395951	0.0033448108357127036	0.0032623776712761253	0.0032065691436958497	0.0031762854914214513	0.0031698876676876345	0.0031852352576127937	0.0032197247550606084	0.0032703413670971634	0.0033337354641892612	0.003406329712642358	0.003484456160128859	0.0035645156730581356	0.0036431465637972583	0.0037173861381899023	0.003784808625726058	0.0038436255317863426	0.003892739210846742	0.003931746506404905	0.003960895299567213	0.003981002347924295	0.003993344195744462	0.003999534660049777	0.0040014018940231965	0.0040008757573237	0.003999892811227075	0.004000322300703296	0.004003912733152236	0.004012255745255486	0.004026761928236849	0.004048642484050325	0.0040788920544577835	0.004118269140539032	0.004167272642579647	0.004226115482952596	0.004294698347025518	0.004372587957300553	0.004459004847230865	0.0045528252409304465	0.004652600381742878	0.00475659584963837	0.004862850104322013	0.004969246065858718	0.005073599151011973	0.005173751777853176	0.005267666895873834	0.005353515835247533	0.0054297576320421	0.005495193471424256	0.005549040876943184	0.0055908274527087755	0.005620544457622578	0.005638576668041829	0.005645663497101002	0.005642863279074665	0.005631500293438846	0.00561311127693264	0.005589389966958881	0.005562131329034153	0.00553317688190005	0.005504361702297713	0.0054774632981237845	0.00545415216809948	0.005435943458661384	0.005424149660678384	0.005419838203693811	0.00542380244257435	0.005436548084112096	0.005458287746337174	0.005488942127620938	0.005528149658788451	0.00557528389166109	0.005629479507215852	0.005689666597016974	0.005754611640069444	0.005822964407537048	0.005893310336577446	0.005964227556948254	0.006034346721367289	0.006102410224269075	0.006167326130488188	0.006228212027824529	0.0062844250679131375	0.006335575774067511	0.006381524032116902	0.006422357768581066	0.0064583628028483395	0.006489995232716924	0.006517837476588475	0.006542530079483373	0.0065647333493630946	0.006585121435670131	0.006604366285830839	0.006623098592204512	0.006641862796636613	0.0066610815867044065	0.006681031978421482	0.006701831908285895	0.00672343656909425	0.006745643666540946	0.006768106744122257	0.006790355598551886	0.006811822545936516	0.006831873051336663	0.00684983914508586	0.006865054099849648	0.006876886831693287	0.006884774263625177	0.006888249695375461	0.006886965524915963	0.006880709430203114	0.00686941382057528	0.0068531588204556034	0.006832169423381985	0.006806807685675656	0.0067775607391069	0.006745025052140435	0.006709886978705617	0.006672899436823875	0.006634854718827666	0.00659655395255146	0.006558774450719906	0.006522236859123048	0.006487574409234569	0.00645530656635182	0.006425818953299106	0.0063993507501198576	0.006375989993213267	0.006355676475094476	0.006338211381298538	0.006323272443195425	0.00631043323637507	0.006299185276967232	0.006288961700284886	0.006279161479865576	0.006269173310658485	0.006258398416544791	0.006246271647825711	0.006232280312909968	0.006215980250745379	0.0061970087234355245	0.006175093830148918	0.0061500603326774895	0.006121832009266081	0.006090430843693314	0.0060559734423502555	0.006018665033559536	0.005978791275783861	0.0059367079504427855	0.00589282851684253	0.00584760953680688	0.0058015341847288205	0.005755094425495257	0.0057087728563525375	0.00566302550155259	0.0056182668810025515	0.005574858408852755	0.0055331006931362905	0.005493229748981949	0.0054554166499021575
3.665191429188092	1.2993740435674594e-7	2.0561128070111377e-6	1.0187513505166918e-5	3.1186817528961834e-5	7.299456433602064e-5	0.00014364129007153669	0.00025002453315152483	0.00039683009127527876	0.0005857512440942757	0.0008151108363889029	0.0010799279042405453	0.0013724037901656418	0.0016827434163056538	0.0020001847218445138	0.0023140890167034534	0.0026149487521395062	0.0028951943310260068	0.0031497219874061077	0.0033761122690345487	0.003574554634825569	0.003747530694027657	0.0038993316797734105	0.0040354930172009	0.0041622216145575834	0.0042858736112325315	0.004412517077308608	0.004547591126502607	0.004695654700361121	0.004860207755002264	0.005043565430365197	0.005246770676797138	0.005469539948502043	0.005710246478523949	0.005965953068742134	0.006232508955712222	0.006504722249039804	0.006776611283408627	0.007041726828315955	0.007293525052346022	0.007525761142974968	0.007732867745139457	0.007910282163595557	0.00805469167883459	0.008164176347403136	0.008238241452138593	0.008277745079314657	0.008284737925071551	0.008262240637676556	0.008213987799530873	0.008144166921237901	0.00805717622445685	0.007957417785681849	0.007849134330140927	0.007736290174282565	0.0076224906241895785	0.007510930469663134	0.007404361148234291	0.007305067455834741	0.007214847608532662	0.007134994459807898	0.0070662790005943735	0.007008940441152553	0.006962688479387955	0.006926723310526347	0.00689977752054	0.006880181442617392	0.0068659505622096035	0.00685489057595886	0.006844713203652306	0.006833154613273679	0.006818088331856407	0.00679762415056136	0.006770187050379776	0.006734572631895838	0.006689977917652828	0.006636008806664148	0.0065726674736111676	0.00650032431117014	0.006419679539169078	0.006331719466422518	0.006237670372658864	0.006138952871908398	0.006037142364448859	0.0059339270260838324	0.005831066443749105	0.005730350684843237	0.005633556644647206	0.005542398242081013	0.005458481035271786	0.005383217646285864	0.005317898191050736	0.0052634972696898605	0.005220674876181417	0.005189752657930722	0.005170688854337399	0.005163074039276063	0.005166138650030263	0.005178777632483796	0.0051995896632444395	0.0052269287310930425	0.005258965267342902	0.005293753681592034	0.0053293033892466415	0.005363651158047552	0.005394932774199005	0.005421449166118264	0.005441718780904769	0.00545451463855193	0.005458891388887933	0.005454202290856084	0.005440107881073286	0.005416579745695326	0.0053838964730229385	0.005342629707905775	0.005293620648900203	0.005237946689513706	0.005176877889298467	0.005111823872797316	0.005044273130155696	0.004975728346742689	0.004907642532976884	0.004841360772744778	0.004778071553659062	0.004718770597539389	0.0046642393767185085	0.004615038667740955	0.004571510920694835	0.0045337835055843	0.004501790178061964	0.004475316379737911	0.004454022701012716	0.004437445931084487	0.004425012272206258	0.004416072950978621	0.004409947855496238	0.004405963241641991	0.004403481290352532	0.004401923131209817	0.004400786411178496	0.004399658054872427	0.0043982227172031626	0.004396267319764533	0.004393681988484542	0.004390457667930426	0.004386680596591294	0.004382523694400923	0.004378234903581124	0.004374122775007018	0.0043705399447336235	0.004367865283789536	0.004366485445515187	0.004366776513432897	0.004369086385407618	0.004373718253024745	0.004380915304703453	0.004390846921800927	0.0044035970560871674	0.00441915585298238	0.004437415709519132	0.004458172778896445	0.004481134471597971	0.004505932813447507	0.0045321427344180015	0.00455930367555506	0.004586942503828353	0.004614595714043551	0.004641829245767532	0.004668254822974224	0.004693542362476971	0.0047174285365967844	0.004739721914131794	0.004760305214781953	0.004779135142208713	0.00479624010581979	0.004811716004069166	0.00482572018821464	0.004838463763776932	0.0048502024846737695	0.004861226608428635	0.004871850171920691	0.004882400182151849	0.0048932061682474565	0.0049045904076295815	0.00491685896286945	0.004930293520026652	0.0049451439680228216	0.004961621717784572	0.004979893896754244	0.005000078711484256	0.005022242381762622	0.005046398041751585	0.005072506821424388	0.005100480975435564	0.005130188524998131	0.0051614585943477445	0.005194086601780684	0.00522783873637745	0.005262455613279544	0.005297655473809572	0.005333137610896734
3.796091123087667	0.02313001323509593	0.02282198998664978	0.02232210068515633	0.02165051598369092	0.020833819272849965	0.01990305515111238	0.018891565903776775	0.017832837739013885	0.01675856010232183	0.015697057675203723	0.014672193818259016	0.013702776635838654	0.012802435261176083	0.011979883618001267	0.011239458033049564	0.010581806012599193	0.010004614646281487	0.009503293524359073	0.009071561694511983	0.008701923383821699	0.008386046217877778	0.008115073831711766	0.00787991021881668	0.007671506883412533	0.007481169158643282	0.007300879635473666	0.0071236194810663745	0.006943656663432771	0.006756766276636195	0.006560352813283369	0.006353455970278295	0.006136637564507927	0.00591176383266169	0.005681711357437967	0.005450033489159418	0.0052206261030827185	0.004997426985880763	0.004784173503917415	0.004584230765090494	0.004400489855142287	0.004235325273072015	0.00409059407765562	0.003967657203025011	0.0038674056317842976	0.003790279536867771	0.0037362755236808013	0.003704944005909868	0.0036953840540944094	0.0037062457958881192	0.0037357502911767194	0.003781734061448654	0.0038417209254612106	0.003913018581384654	0.00399283257543445	0.004078386935890919	0.004167039317449598	0.004256379249389008	0.004344300733394416	0.004429044465592515	0.0045092093339407805	0.004583737399187492	0.004651879633266102	0.004713151687635856	0.004767289159031172	0.004814210443388502	0.004853992706466823	0.004886863179133794	0.004913204557454614	0.0049335703731874	0.004948703888436303	0.004959552807531377	0.004967273464978693	0.004973218827791088	0.004978906842360373	0.004985968696519168	0.004996079348047766	0.0050108750887971395	0.005031864674470672	0.005060341403616522	0.0050973033438535655	0.005143388959777417	0.005198833099264323	0.005263442009583934	0.005336595403459979	0.005417271412676442	0.00550408989585129	0.005595372531445618	0.005689216950492849	0.005783571368952744	0.005876348761139243	0.00596538248249683	0.006048645033337448	0.0061242819629730065	0.006190666589159619	0.0062464532236404385	0.006290625839516502	0.006322536406659522	0.006341930413326597	0.006348960485112142	0.0063441868069250874	0.006328563534194948	0.006303410768321439	0.0062703719930931115	0.006231357092909268	0.006188472123204465	0.006143940888324216	0.006100026791243488	0.006058957420565666	0.006022851877997622	0.0059936569166908794	0.005973089526011942	0.005962581099432798	0.00596322821484242	0.005975756103993973	0.00600049691820416	0.006037383236980058	0.0060859572511396745	0.006145395889622035	0.0062145511086777044	0.0062920028966032835	0.006376121201996967	0.006465132467633211	0.006557186507786167	0.006650419655409699	0.006743010278074142	0.006833224598411538	0.006919458364363819	0.007000281701237225	0.0070744640791951035	0.007140973116072465	0.007199001929774355	0.007248015665984254	0.007287773147630578	0.007318319053846063	0.007339960725022021	0.007353239296378301	0.0073588975340726295	0.00735784431142588	0.007351116054792303	0.007339835636310567	0.007325169394166866	0.0073082835589725155	0.007290301780250099	0.007272265495569725	0.007255098772062016	0.007239579121752958	0.0072263155490055265	0.007215734585855865	0.007208074444273828	0.007203386949842599	0.0072015466222963625	0.007202266032599954	0.007205116562996984	0.007209553965487971	0.0072149482235429495	0.007220616816701719	0.007225859789943212	0.007229994469577746	0.0072323874149184605	0.007232481270212968	0.007229814649610144	0.007224034071180264	0.0072148981046705855	0.007202275011901296	0.007186135914529268	0.007166545716080921	0.007143653633305946	0.007117684443293571	0.0070889307007568165	0.007057745472840076	0.007024534738327658	0.006989748562646969	0.006953870445036279	0.006917404706574589	0.006880862271332024	0.006844745538873299	0.006809533188930082	0.006775665720557763	0.006743532380498619	0.006713459956565227	0.006685703762133478	0.006660441050752984	0.006637767070859717	0.00661769395136896	0.006600152527905224	0.0065849970262070985	0.006572012221208353	0.006560922350977287	0.00655140077584146	0.006543079234688692	0.006535555662716593	0.006528399966615824	0.006521157877599993	0.006513353851246497	0.006504494681064093	0.006494075775249291	0.006481591779506143	0.006466552459487681	0.006448503674155374	0.006427052129214117
3.9269908169872414	1.2993739718469688e-7	2.0565173320797404e-6	1.0195510576880659e-5	3.124176148482027e-5	7.322268748422414e-5	0.00014434140368028224	0.00025177647540123644	0.00040060890689982384	0.000593024475474944	0.0008278952326201465	0.0011007857048813713	0.0014043668493034713	0.0017291642263633576	0.002064524738399053	0.0023996643433995255	0.0027246593768704974	0.0030312646547963327	0.0033134773021215023	0.0035678090595768937	0.0037932738043084274	0.003991134096748059	0.004164475627949918	0.004317689065536974	0.004455935392771226	0.0045846562440102125	0.004709169406582709	0.004834366593113691	0.00496451033022556	0.005103112614379058	0.0052528713617064895	0.005415641336173696	0.00559242241290944	0.005783357062832245	0.005987737975612356	0.006204033364909468	0.0064299402345141836	0.0066624743675190445	0.006898100744934645	0.007132901004593482	0.007362767280790234	0.007583606097050852	0.007791533222329904	0.007983041131245991	0.008155124734346918	0.008305357487829847	0.008431917532072645	0.008533570681565879	0.008609622592612016	0.008659855367934934	0.00868446386362464	0.008684004248147992	0.008659362614915034	0.008611745657886095	0.008542689742875571	0.008454080033342286	0.008348168560044802	0.008227579516458864	0.00809529162356409	0.007954590689699064	0.0078089901974007295	0.007662122186934271	0.007517605458230739	0.007378901243547189	0.007249168377834355	0.007131130094589682	0.007026963196455356	0.006938217672605162	0.006865771427193942	0.006809821053243583	0.006769906499733032	0.0067449652438019425	0.0067334086214721365	0.006733213358729933	0.006742021788666242	0.0067572448860925005	0.006776163821753673	0.006796027316028603	0.006814143390119983	0.006827965066606212	0.006835170123790435	0.006833733793146546	0.006821993268256145	0.0067987076894334315	0.00676310351305963	0.006714905355939824	0.006654352772025841	0.0065821967397816225	0.006499672842806211	0.006408459248407609	0.006310579322427533	0.006208444745076656	0.006104620803594528	0.006001755375561254	0.005902483329731922	0.005809326198295456	0.005724586135229359	0.005650258047216752	0.00558795607641377	0.005538857016536323	0.005503662374818369	0.005482579572898118	0.005475321989680117	0.005481127134297159	0.005498792247943186	0.005526726157144891	0.0055630133538503955	0.005605483934270901	0.005651788295944531	0.005699475508786571	0.005746068540777916	0.0057891398942494015	0.005826393756632128	0.005855749719886932	0.005875418991215075	0.005883967385809981	0.005880362661641996	0.005864003943328995	0.005834731144689239	0.005792814104481643	0.005738923541126677	0.005674087600199676	0.0055996383559229765	0.005517152628888817	0.005428391329942617	0.005335241160476394	0.005239660517096117	0.005143625056401675	0.005049068003572268	0.0049578351541924685	0.00487165628891281	0.00479209083748795	0.0047204688436070855	0.0046578590290648125	0.004605052618581527	0.004562555056367614	0.004530587162615441	0.00450909388981568	0.004497757938556732	0.004496017883526995	0.004503091539915699	0.004518004923765821	0.00453962643721104	0.004566705401947878	0.004597913781125851	0.004631889714354481	0.004667281263196643	0.0047027886287065255	0.004737203218858315	0.004769442271848266	0.004798578077020168	0.004823861097130913	0.004844736484817401	0.004860853580079686	0.0048720680869799495	0.004878436909248108	0.004880206053682332	0.00487779246073191	0.004871761006723449	0.004862798191466923	0.004851684095886486	0.004839263989481745	0.004826420507342518	0.004814046738089478	0.004803020072891797	0.00479417645538788	0.0047882848322284444	0.004786022066496149	0.004787949154254216	0.00479449007316162	0.004805914850110772	0.004822328394582226	0.004843666289952147	0.004869698105776983	0.004900038008070897	0.004934161687210154	0.004971428081143512	0.005011104153330172	0.005052391084898098	0.005094450565625042	0.005136430291233008	0.00517748817702549	0.005216815095443919	0.005253656103323013	0.005287330167504294	0.005317248389331242	0.0053429307282997045	0.0053640212434958	0.005380301866729431	0.005391704631724378	0.0053983220626230505	0.005400415058511709	0.005398417134041932	0.005392933400039916	0.005384732382947757	0.005374728901460071	0.005363956870778053	0.005353532045557034	0.0053446061248021565	0.005338315014906364	0.005335725079190399
4.057890510886816	0.025795913596652443	0.025487795529171537	0.024987162172672824	0.02431313959675639	0.02349088825949769	0.022549795657772726	0.021521472182725196	0.02043775460823473	0.0193289057178915	0.018222159341503057	0.01714070464347348	0.016103141109447345	0.015123376019264327	0.01421088781717336	0.013371247725350928	0.01260678087997198	0.011917256352756584	0.011300518726787825	0.010753006385051701	0.010270136467558361	0.009846567158680396	0.009476369762713958	0.00915315337966678	0.008870183858887232	0.008620528234647434	0.008397239698495372	0.008193580616856167	0.008003266136716978	0.00782070146303982	0.0076411833586778055	0.007461040625581243	0.007277697718742957	0.007089657776923959	0.006896413496807407	0.00669830400251117	0.006496341500694382	0.006292032397533401	0.006087214040896458	0.005883921518923076	0.005684290667548591	0.005490495389150606	0.0053047110772704775	0.005129092367226827	0.004965752922945345	0.004816737219539945	0.004683978478675711	0.004569241963095892	0.004474057601436821	0.004399649442240919	0.004346871117720679	0.004316156152163643	0.004307489805968299	0.0043204057718802	0.004354007150223413	0.004407007592454428	0.004477785877180629	0.0045644459876616845	0.004664875118391966	0.004776793846233008	0.004897795294483823	0.005025373588698774	0.005156944662576168	0.0052898648636444294	0.005421453857751657	0.005549028149330944	0.005669949929699526	0.005781693427020058	0.005881927748843773	0.005968612062799431	0.006040095937973184	0.0060952153645799185	0.006133375532598166	0.0061546109751890975	0.00615961533706562	0.006149736091219362	0.006126932604096331	0.006093699251446344	0.006052958344796546	0.006007929976678149	0.005961987258186914	0.005918506949003741	0.005880724953932556	0.005851599762022011	0.005833696847685821	0.005829096323263461	0.005839322445095195	0.0058652999292627475	0.0059073385351209075	0.005965136063070185	0.006037834610057652	0.006123946087424611	0.006221545697196979	0.006328316774415113	0.006441619522910187	0.006558584236776515	0.006676218833871379	0.00679151175860817	0.006901537471708363	0.007003558792838541	0.007095122563187692	0.007174144842516566	0.007238982063403623	0.007288484863295538	0.007322031596672739	0.007339539740205586	0.007341457336244028	0.0073287394682345795	0.007302809487742958	0.007265507040626381	0.007219030786224385	0.007165870562638141	0.007108722880735958	0.007050395895488862	0.006993713227816747	0.0069414218067094914	0.0068961061944857556	0.006860112107912663	0.006835481861944173	0.00682390315447099	0.006826670961985065	0.006844661376921422	0.006878316189793854	0.006927637197932278	0.006992189006374827	0.007071108685313507	0.007163121944432253	0.007266572196046111	0.007379469569934786	0.007499537913835036	0.007624258274436493	0.007750957499019199	0.00787691024050022	0.007999418228450912	0.008115887803122048	0.008223907680832334	0.00832131630000591	0.008406259401657798	0.008477240521440365	0.00853316230870902	0.008573355358413975	0.00859759245318627	0.00860608737375095	0.008599478510448615	0.008578798423797432	0.008545431239459495	0.00850106029440343	0.008447608678704166	0.008387175153887047	0.008321967488668498	0.008254234804160961	0.008186200314983358	0.008119996091401347	0.008057601941778273	0.008000790614054792	0.007951081167913767	0.00790970201072404	0.007877564722791618	0.007855249153213754	0.007842999432626578	0.007840729826830773	0.007848038948120677	0.007864230820679078	0.007888341620059842	0.007919171403683653	0.007955320576112694	0.007995230998837758	0.00803723151970495	0.008079587362969822	0.008120552423803022	0.008158423130547989	0.008191592202870334	0.00821860038677419	0.00823818416352007	0.008249317558015478	0.008251246475799359	0.008243514365254076	0.00822597832609092	0.008198815032373012	0.00816251605297968	0.008117872408863686	0.00806594855422591	0.008008046408033482	0.007945660549429323	0.007880426154449349	0.007814061613273929	0.00774830796582153	0.007684867311162147	0.007625342218738437	0.007571177972537553	0.007523609304419719	0.007483613201345794	0.0074518694432282725	0.007428730702961565	0.007414204183677783	0.007407946700786545	0.007409274704479753	0.007417189960406679	0.007430420544649269	0.007447475595303885	0.007466711036795606
4.1887902047863905	1.299373878379111e-7	2.057045496806828e-6	1.0205967131340327e-5	3.131373973494899e-5	7.352223750484555e-5	0.0001452633120467669	0.00025409101975886345	0.00040562012044548294	0.0006027112726936347	0.0008450045838375763	0.0011288510394106687	0.0014476343751678234	0.0017924231006073849	0.002152851467233928	0.002518104672809435	0.002877879843587092	0.0032232093494829563	0.0035470628597679475	0.0038446832666427662	0.0041136523440717145	0.0043537182830308664	0.004566443990531173	0.004754749336230448	0.004922421857877012	0.005073660486677255	0.005212698961742147	0.0053435339538247225	0.0054697616960296125	0.005594509565300706	0.0057204377702858925	0.005849781826742245	0.005984408235242771	0.006125862092409577	0.00627539409732384	0.006433963351444259	0.006602219678991631	0.00678047378088027	0.006968665031249034	0.007166335504440864	0.007372615775521867	0.007586224309369765	0.007805478945748168	0.008028316933190798	0.008252319577628425	0.008474738807112322	0.008692525364096834	0.00890236120554951	0.009100701209206129	0.009283830727000666	0.009447945407596631	0.009589257864848176	0.009704132392747472	0.009789244512000268	0.009841757450224082	0.00985950338476007	0.009841154318759966	0.009786366258872213	0.009695881221476054	0.009571574425188255	0.009416438832155573	0.009234504454222395	0.009030696179079633	0.008810639288868468	0.00858042630310933	0.008346361614003624	0.008114701409126368	0.007891405510604133	0.007681915367358264	0.00749096881482197	0.00732245840721884	0.007179336417584332	0.007063564634347702	0.006976105546167371	0.0069169496492374185	0.0068851725657669526	0.006879015872831222	0.00689598623010929	0.006932968353867753	0.006986348393764806	0.00705214519329198	0.007126146317309037	0.007204045368544892	0.007281582799933067	0.007354680811339011	0.007419569577072897	0.0074729051447743194	0.007511870313554776	0.0075342512941428755	0.0075384956883235614	0.007523712979334639	0.007489806792429637	0.0074373101319368425	0.007367377671379867	0.007281748775483879	0.007182656185199629	0.007072731425403773	0.006954903582948522	0.006832291924602278	0.006708098364402525	0.006585502761675739	0.006467564111354025	0.006357130092558793	0.006256757042650982	0.006168642311952313	0.006094570314256246	0.006035870959152372	0.005993387862311326	0.005967458874618592	0.0059579091770240135	0.0059640536826666675	0.005984716465880985	0.006018272299749681	0.006062705823636354	0.0061156835548326636	0.006174635862649228	0.006236844803079587	0.006299532958772089	0.0063599488703059434	0.006415445833962675	0.006463552622298229	0.006502036067398888	0.006528955835580189	0.006542711599127723	0.00654208291837629	0.0065262625036665	0.006494882294558561	0.006448025600990527	0.0063862184631942286	0.006310419281266172	0.006222004513275045	0.0061227079720827795	0.006014547191406269	0.005899764964384852	0.00578076683282245	0.0056600542769049455	0.005540157436866987	0.0054235664147419494	0.005312662949915239	0.005209655111572784	0.005116517484384947	0.005034939202946308	0.004966281826452438	0.004911548463676123	0.004871364899151381	0.0048459727988768575	0.004835234447669566	0.004838647999248941	0.004855372014065583	0.0048842581071674536	0.004923890678957251	0.004972632710991074	0.005028676227403558	0.005090095445803674	0.005154900507747765	0.005221090127031748	0.005286702043662091	0.005349860586971535	0.005408821040924318	0.005462010849382408	0.005508067824827936	0.005545875299089303	0.005574593576949254	0.005593686282836627	0.005602939520622393	0.005602471504348294	0.005592730631981582	0.0055744808061346214	0.005548773911382736	0.0055169104558555745	0.005480390293149932	0.005440856001381572	0.005400031900829781	0.005359661814692292	0.005321448493037514	0.005286997163783602	0.005257765065175291	0.005235018202951954	0.005219796070694491	0.005212884703507996	0.005214798176113288	0.005225768469255991	0.005245743494717279	0.005274392987485495	0.005311121943153617	0.005355091290717724	0.005405245528248473	0.005460347083106947	0.005519017144361131	0.005579782587742007	0.005641128295950826	0.005701553608727734	0.0057596308256835605	0.005814062763276531	0.005863735600751892	0.0059077629528073	0.005945517496633513	0.005976647564412339	0.006001077683455656	0.006018993786895438	0.006030815416652188
4.319689898685965	0.03003071111656086	0.029722476680024673	0.029220928494627426	0.02854390066701266	0.02771477870188364	0.026760856819200846	0.02571151695896054	0.024596414326469584	0.023443841152315115	0.02227940614570464	0.021125117892741074	0.019998904116056634	0.01891454377301402	0.01788194311929824	0.016907655803823092	0.015995533723102015	0.01514739965992653	0.014363651828232718	0.013643739487094374	0.012986481900956736	0.012390234313829476	0.011852929517256541	0.011372038995510732	0.01094450252525464	0.010566670426972574	0.010234290860081676	0.00994255894061876	0.009686228511931422	0.009459774094646283	0.009257581902321767	0.00907414566841692	0.008904245063409954	0.008743090439164	0.008586425721302788	0.00843058954994297	0.008272541569122209	0.008109864945080307	0.007940757288791718	0.00776402037625373	0.007579055151882696	0.007385863548267916	0.007185053827435332	0.006977842466921198	0.006766043777207425	0.006552038722114528	0.006338716662727224	0.006129387433076785	0.005927665517059058	0.005737332285453301	0.005562185501067185	0.005405887060099803	0.005271819957128852	0.005162963828204941	0.005081795480252521	0.005030217234472441	0.005009512256137886	0.005020323052008015	0.00506264745839981	0.005135846006530439	0.005238655293521334	0.005369204254082592	0.005525032641843487	0.005703113793176863	0.005899885988223428	0.006111297893294195	0.006332873596995035	0.006559801461565734	0.006787048646463329	0.007009500179805985	0.0072221179017044985	0.007420111166942686	0.007599110276712853	0.007755331262997495	0.00788572086075129	0.007988071943441232	0.008061101909201692	0.00810448949860502	0.00811886876391517	0.008105782026903433	0.00806759617544207	0.008007389633976033	0.007928819125727451	0.007835969546169214	0.0077331998451559735	0.007624991465266	0.00751580119455622	0.007409926349983159	0.007311388168777487	0.007223828878887367	0.007150452209173237	0.007093838949496862	0.007056032020316146	0.007038463646682403	0.007041910942126942	0.0070665124331279645	0.007111778387207686	0.007176623504722881	0.007259413889800819	0.007358028232742304	0.007469931615333406	0.0075922595801381455	0.007721909604254008	0.007855636597214291	0.0079901485070085	0.00812219846474034	0.008248672829029345	0.008366676415289456	0.008473611160373387	0.008567246905256799	0.00864578480881723	0.008707902883574268	0.008752780986416853	0.008780110400279708	0.00879008927495943	0.00878340468957953	0.008761204607834758	0.008725062939511231	0.008676939648195997	0.008619136376127533	0.008554246287369916	0.008485095935637154	0.008414677711734172	0.008346073090818138	0.008282368024260326	0.008226561860328803	0.008181472348320978	0.008149645957523757	0.008133283980816286	0.008134167815019662	0.008153585787679125	0.008192308406660308	0.008250585910513312	0.00832813986185891	0.008424161464884205	0.00853732303058753	0.008665807645941673	0.008807357265884599	0.008959334841175849	0.009118798237392202	0.009282583751180523	0.009447395827518659	0.009609899311326692	0.009766810816511462	0.009914986304767975	0.010051502691850052	0.010173732077747017	0.010279407728062483	0.010366680983394364	0.010434167887311295	0.010480983747296516	0.01050676346859606	0.010511665933803913	0.010496362059159344	0.010462007568384904	0.010410202191343693	0.010342937065856104	0.010262532149249512	0.010171565616188745	0.010072797354525488	0.00996908870974129	0.009863320724319322	0.009758313371539346	0.00965674859332182	0.009561100081534955	0.009473572474474437	0.009396051929101755	0.009330069050863874	0.009276774220954733	0.009236924713431197	0.009210882718416896	0.009198623375415804	0.009199751995807574	0.009213529697017284	0.009238906659544197	0.009274562169551031	0.009318950517879026	0.009370351659034477	0.009426925282333036	0.009486766664842331	0.009547962457925696	0.009608644485361974	0.009667039715742473	0.00972151476820691	0.00977061355646098	0.009813086938609576	0.009847913524399907	0.009874311116192901	0.009891738637143106	0.009899888835346942	0.009898672560424572	0.009888196009333182	0.009868733017220847	0.009840695122024826	0.009804602548012416	0.009761059188224492	0.009710733970591192	0.009654349726016828	0.009592679110710935	0.009526545646072531	0.009456826859773705
4.4505895925855405	1.2993737695334325e-7	2.0576619516575093e-6	1.021819335739767e-5	3.1398093819638846e-5	7.38742909158719e-5	0.00014635048760592055	0.00025683129473036843	0.00041158001527939205	0.0006142910567347022	0.0008655750457194364	0.001162809349565516	0.0015003560689547547	0.0018701013446279214	0.0022622309471683933	0.0026661326868208067	0.0030713087425983886	0.003468190332998214	0.003848770451934039	0.0042070029866179874	0.00453895274078783	0.004842715036189527	0.005118150900532315	0.005366501191966008	0.005589949088225255	0.005791195798135795	0.005973101300828699	0.00613842355230155	0.006289669447118879	0.006429052156909393	0.006558534819537935	0.006679931426902865	0.00679503255380079	0.006905725697082732	0.007014086140190699	0.007122422722824047	0.00723327193682366	0.007349341897114919	0.00747341391387812	0.007608213126459187	0.0077562609852692395	0.007919721740647269	0.008100253230945556	0.008298869942890143	0.008515824234589329	0.008750510226473147	0.009001394341570625	0.0092659766776403	0.009540787942332159	0.009821427065743316	0.010102644307635454	0.010378473301200598	0.010642412851968534	0.01088765553261882	0.011107355613727101	0.01129492411459357	0.01144433463647203	0.011550420705227285	0.011609144210275658	0.011617815446655242	0.011575248578433337	0.011481840858686367	0.01133957040022311	0.011151913866424876	0.010923691650843859	0.010660853633456771	0.01037022217774522	0.010059210935883113	0.009735537882159292	0.009406949045951437	0.009080966561594772	0.008764671025571383	0.008464522690018189	0.008186223513727367	0.007934618626654085	0.007713633557712704	0.007526242411291641	0.00737446184135532	0.00725936613795588	0.007181119619817684	0.007139023741264211	0.007131576503570744	0.007156541471891629	0.007211029312397164	0.007291588591103944	0.007394303905148616	0.007514902527526922	0.007648865398500063	0.007791537816599858	0.007938241141295077	0.008084357736408426	0.008225551605437002	0.008357718284271398	0.008477119349794032	0.008580482691882706	0.008665047637973086	0.008728621943022721	0.008769614304185012	0.00878705563335251	0.00878060521369187	0.008750542388048524	0.00869774422973267	0.008623649990170405	0.008530213550488112	0.008419845599786037	0.008295346970609867	0.008159832051205946	0.008016640170109139	0.007869238597585915	0.0077211201822117185	0.007575699120756073	0.0074362160738790095	0.007305654115301569	0.007186664169626847	0.00708150268205323	0.0069919822132135075	0.0069194349737941654	0.006864688870742421	0.006828055155444147	0.006809327439682311	0.006807793008783019	0.006822257845768218	0.006851086036050104	0.006892252873961069	0.006943410271125064	0.007001963358867022	0.007065156200822637	0.007130157926623357	0.0071941389793184875	0.007254354330911236	0.007308236358256397	0.007353452164151337	0.007387938341180784	0.00740994114873754	0.007418060156175403	0.007411284057257062	0.00738901199249103	0.007351061287835588	0.007297662160002434	0.007229440383011918	0.007147389748958457	0.00705283638327189	0.006947396940561787	0.0068329325444203975	0.006711500031572007	0.006585301619610071	0.006456633653193401	0.0063278348112966384	0.006201234212166079	0.00607910016953369	0.005963590826508213	0.005856708369978367	0.005760258546770943	0.005675816416743969	0.0056046981316294694	0.0055479378603894985	0.005506269130542194	0.005480110446960924	0.005469555606516774	0.005474369532416155	0.005493990746405102	0.005527541704992871	0.005573848009803716	0.005631466924594875	0.00569872482019627	0.005773762353410265	0.005854585569638082	0.005939120779492613	0.0060252709452477135	0.006110971320241761	0.006194242150823214	0.006273236394201201	0.006346280690464643	0.006411908291162502	0.0064688832578662205	0.006516215912737058	0.006553170149492092	0.006579263720248547	0.006594262949471037	0.006598173453883342	0.006591228348538032	0.006573875112599548	0.006546761841840556	0.0065107231348800676	0.006466765456574225	0.00641605156968033	0.006359883546383969	0.006299683938503701	0.006236974844721385	0.00617335480021924	0.006110473566544583	0.0060500049707711	0.005993617918851194	0.005942945622370331	0.005899553012012368	0.005864902366499142	0.005840317436705617	0.005826946791441843	0.005825727665346637	0.005837352106515846	0.005862237566014302
4.581489286485115	0.036752065793041085	0.0364437012520554	0.03594112809389274	0.03526072302113286	0.03442384983287715	0.033455384619929834	0.03238208275091927	0.031230952653350113	0.030027790870938625	0.028796003746963148	0.027555798240875343	0.02632377446297793	0.025112902773182583	0.023932825483139904	0.022790392559503086	0.021690325275496858	0.020635902030349738	0.019629574729102907	0.01867344852045065	0.017769587573171673	0.01692013995110594	0.01612730111689532	0.01539315494146045	0.014719441641818425	0.014107303723344776	0.013557055043294734	0.013068006780350921	0.012638370084197798	0.012265241133499949	0.011944662426164689	0.01167174579555867	0.011440838471607248	0.011245713263954146	0.011079766782342307	0.01093621429293685	0.010808274998099261	0.01068934602651568	0.010573166373753502	0.01045397303089557	0.010326650638805671	0.010186873669798814	0.010031237105469902	0.009857368698306944	0.009664013961839177	0.009451084602101088	0.009219662436725834	0.008971953842508611	0.008711193992340271	0.008441504910085001	0.008167715895947301	0.007895158407912438	0.007629449453068163	0.007376277665192103	0.007141204516787843	0.006929489996273068	0.006745948000627985	0.006594832516093551	0.006479752003896108	0.006403606905662923	0.006368543923305281	0.00637592138201992	0.006426281414859385	0.006519327255148547	0.0066539067616216046	0.0068280056263351485	0.007038755465121709	0.007282462497300749	0.007554661886499718	0.007850201170829912	0.008163353435109592	0.008487957642204695	0.008817581869908603	0.009145701796677688	0.00946588545895486	0.009771974761613447	0.010058254588497288	0.010319601673082076	0.010551607245309923	0.010750669674081765	0.010914055359102013	0.011039929079453522	0.01112735842767116	0.011176291964032845	0.011187515130106388	0.011162591472467799	0.011103790846769233	0.011014009268642039	0.010896686002648252	0.010755717458764054	0.010595387296515999	0.010420159367620009	0.010234736969970825	0.010043898460837935	0.00985239716984252	0.00966487717054343	0.009485779956876187	0.009319261523924241	0.009169113402675413	0.009038692029550446	0.008930857537531575	0.008847923218318045	0.008791616517335938	0.008763051887218315	0.00876271520447792	0.008790459602147927	0.008845515001689976	0.00892651508312596	0.009031540293376541	0.00915817530419893	0.00930357836637806	0.009464552928215169	0.009637620859741276	0.009819099433483506	0.01000518073433402	0.010192013997070171	0.010375790376429597	0.01055282959814076	0.010719668356837736	0.010873148635280902	0.011010501654339165	0.011129421824599688	0.011228125685412158	0.011305392570466387	0.011360585079637331	0.0113936478421654	0.011405085039937278	0.011395925773328626	0.011367689765832545	0.011322334366323121	0.011262172182127777	0.011189808829956259	0.01110810171923557	0.011020104590611387	0.010928990416846501	0.010837969932261125	0.010750213780012225	0.010668778130907405	0.010596538076558392	0.010536129684941805	0.010489899809129054	0.010459863243588927	0.010447666902142662	0.010454560695677578	0.010481374994482998	0.010528504980811274	0.010595902722936597	0.010683078185767803	0.010789110403276654	0.010912669616967055	0.01105205030664561	0.011205213749198861	0.011369837650697066	0.011543370325281077	0.011723087765132636	0.011906152825999888	0.01208967585917192	0.012270775491380746	0.012446637516438814	0.012614569530407635	0.012772049105001437	0.012916763868739288	0.013046642816312709	0.013159879393889351	0.013254948117910129	0.013330617275791328	0.013385960331053048	0.01342036797519545	0.01343356156182921	0.013425607298477788	0.013396929423942225	0.013348319910703113	0.013280942086767092	0.013196325909945386	0.013096353299355712	0.012983232750632274	0.01285946326265975	0.012727788261481169	0.01259114066890705	0.012452580551177336	0.01231522696941191	0.012182185818706023	0.012056475633521196	0.011940953545064184	0.011838243738067555	0.011750670773085442	0.011680199932153496	0.011628386296642873	0.011596333666879162	0.011584663855510324	0.011593496508682617	0.011622439530956515	0.0116705903884808	0.011736548905674249	0.011818442461367392	0.01191396454319714	0.012020427298040282	0.012134827971280614	0.012253928019203886	0.012374342376832374	0.012492635109391815
4.71238898038469	1.2993736527280065e-7	2.0583251577018802e-6	1.0231372746801452e-5	3.148925615067778e-5	7.425595199952127e-5	0.0001475334905024581	0.00025982602190289936	0.0004181255093795406	0.0006270793444735019	0.0008884328867624669	0.0012008012874287846	0.0015597809028721286	0.001958367601961078	0.002387613284737777	0.002837427539499404	0.0032974211424482056	0.0037576923620367135	0.00420947394452379	0.004645584722193701	0.005060660496670213	0.005451169481026819	0.005815243922912965	0.006152378450970865	0.006463055489593035	0.00674835857861644	0.007009626763202136	0.007248189530710651	0.007465204761862279	0.007661604613658539	0.007838138617034834	0.007995491381860646	0.008134445192028982	0.00825605566063082	0.008361810990244968	0.008453751193862378	0.008534531516272677	0.008607422827669256	0.008676249670181393	0.008745272976407705	0.008819028718479787	0.008902135795959366	0.008999086622243477	0.009114032681643265	0.009250575482161431	0.00941157146599017	0.009598958036723991	0.00981360714070747	0.010055212740412713	0.010322218737515794	0.010611793989463757	0.010919860528732513	0.011241179555210291	0.01156949703608747	0.01189774695093331	0.01221830557948763	0.012523285523472311	0.012804853848633854	0.013055555648087512	0.013268622854316972	0.01343824892612929	0.013559812276139227	0.013630035929424819	0.013647076232807925	0.013610539463248089	0.01352143094841149	0.013382046222924266	0.013195817242420105	0.01296712854721299	0.012701118334160535	0.012403478404567436	0.012080264667701087	0.011737725518633368	0.011382153148958947	0.011019759486377892	0.01065657557080185	0.010298371360875384	0.009950591912151618	0.009618305551830008	0.009306160079241557	0.009018344055037616	0.008758550734237707	0.008529941848759886	0.008335113294658254	0.008176066415120002	0.008054181310419191	0.007970196043469819	0.007924194021006628	0.007915596911289324	0.007943167749829328	0.008005015264912605	0.008098715753014026	0.00822122478104533	0.00836900198009975	0.008538072749270985	0.008724111185842027	0.008922529769779896	0.009128578546341352	0.009337448555921968	0.009544377568775528	0.009744754855203992	0.009934221963620711	0.010108766551042373	0.010264806784286687	0.010399264641644255	0.010509626603745771	0.010593987943234434	0.010651075298575676	0.010680247790885389	0.01068147872601427	0.010655321404047235	0.010602869190143692	0.010525712914756772	0.010425892076974442	0.01030583877836625	0.010168315340388596	0.01001634615934748	0.009853144245897573	0.009682033386565153	0.009506368229312846	0.009329456210126862	0.009154485531023616	0.008984462101265177	0.008822156777321259	0.008670063546755504	0.008530369396198827	0.008404935272053835	0.008295280418536747	0.008202559024767605	0.008127546895873602	0.008070657804299065	0.008031951817624332	0.008011123332322729	0.008007499814537864	0.008020062197389823	0.008047477717333558	0.008088136917059731	0.008140193357857095	0.008201605821381361	0.008270181745846487	0.008343621268532053	0.008419561813621674	0.008495623201656186	0.008569453082921378	0.008638772149869746	0.00870141809799796	0.008755386839812227	0.008798869278831114	0.008830282165816286	0.008848292103255363	0.008851832560490984	0.008840114806342537	0.008812634497167519	0.008769175596910045	0.008709812461538626	0.008634910008586906	0.00854512135829166	0.008441382208780936	0.008324901350048366	0.008197146931498932	0.008059828219040681	0.00791487256463753	0.007764397214110312	0.007610675504707994	0.007456097086166675	0.007303122141849093	0.007154230195199357	0.007011864844279185	0.0068783764819420334	0.006755965544631049	0.0066466289682688235	0.006552112282890164	0.006473869200224785	0.006413029763468384	0.00637037731152424	0.006346333851863596	0.0063409530846219725	0.006353920324356998	0.006384558854355707	0.0064318426621361	0.006494415861109629	0.006570619261651864	0.006658524454122455	0.006755975428657964	0.006860637267069804	0.006970050919240391	0.007081692634742655	0.007193036332261784	0.0073016170577372905	0.0074050936441571414	0.007501308650993453	0.007588343566974171	0.007664567118710836	0.007728674438424034	0.007779714955837976	0.007817107323120109	0.007840640501807125	0.007850461258662718	0.007847049543466784	0.007831184311216566	0.007803903085144621
4.843288674284264	0.04781777594297563	0.04750927636173139	0.04700563694663166	0.04632170732962874	0.04547671143693668	0.044492928562536484	0.0433942360373945	0.04220465995726316	0.0409470722204514	0.039642147640024425	0.03830765809206498	0.03695813701367581	0.03560490317161837	0.034256393282379026	0.032918723443753885	0.03159638237757065	0.030292956115977415	0.02901179296735401	0.027756536742370733	0.026531481626795268	0.025341729682429964	0.02419315791038881	0.02309222305015071	0.02204564683217904	0.02106003148058919	0.020141455236917235	0.019295091807432246	0.0185248877579535	0.017833320041339213	0.017221243981587097	0.016687831723868826	0.016230593429914328	0.015845468800019007	0.015526974726666762	0.015268395473552479	0.01506200388509557	0.01489930482126329	0.014771294414104389	0.014668730215089862	0.014582407528295335	0.014503436241439682	0.014423510634333109	0.014335162550328122	0.014231986642937696	0.014108825783614368	0.013961905572607574	0.01378890937930378	0.0135889892727511	0.013362713110502402	0.013111953246817604	0.012839727035478412	0.01255000283319789	0.012247487061958842	0.01193740778522768	0.011625308434599543	0.011316861935373687	0.011017711395024133	0.010733339191794462	0.010468962604081236	0.010229451210275521	0.01001926017196317	0.009842373171626277	0.009702250162475081	0.0096017768270694	0.009543215129966594	0.009528156386070396	0.00955748002339076	0.009631322125547376	0.009749058015699785	0.009909302180078928	0.010109927425625139	0.010348104386454782	0.010620360079909208	0.010922652756682666	0.011250459545688207	0.011598872765302986	0.01196270066013895	0.01233656879050067	0.012715018953919417	0.013092603070174333	0.01346397091729	0.013823954057967505	0.014167644709143714	0.014490462529596843	0.014788218149645949	0.015057171083256203	0.015294079553637997	0.015496250416302317	0.015661583661772917	0.015788614961731073	0.01587643126806379	0.015924855664601587	0.015934322903431386	0.01590590388967986	0.015841257666295017	0.015742602137625693	0.015612660167192935	0.015454602172902204	0.015271981492690725	0.015068665018182943	0.014848760429155268	0.014616541272797342	0.014376370766493639	0.014132624577082057	0.01388961308886405	0.013651506866811458	0.01342227199314982	0.013205616928271657	0.013004948248060533	0.012823332248743755	0.012663456621504976	0.012527588740379708	0.012417538031033543	0.01233463022635641	0.012279692789770355	0.012253051965084874	0.012254543312441968	0.01228353612749754	0.012338970173273824	0.012419401109235667	0.012523050330143901	0.012647855835876584	0.012791521635995345	0.012951563138474889	0.013125345686573467	0.013310115452965237	0.013503031784617902	0.013701217486233175	0.013901807989744108	0.01410196312204415	0.014298882318539902	0.014489859221332266	0.014672338559728104	0.014843956232139403	0.01500256549479899	0.015146259960401922	0.015273400837410035	0.015382643439190552	0.01547296093916918	0.015543665474774983	0.015594425477957558	0.015625277544253784	0.015636631269543417	0.01562926598201905	0.015604319025713005	0.015563265958682885	0.01550789347481369	0.015440266050670233	0.015362687472104583	0.015277658406134667	0.015187830656141607	0.015095958077909824	0.015004844304569531	0.014917288257050578	0.014836028992023714	0.014763691599604022	0.014702735857257792	0.014655409114255362	0.014623704332583781	0.014609323572830235	0.014613646827612592	0.01463770610864464	0.014682164994935312	0.014747304251995183	0.01483301443655669	0.01493879647944542	0.01506377106400735	0.015206697238244882	0.01536600018384647	0.01553980746898491	0.015725992494688153	0.015922223313888723	0.01612601470522785	0.016334781428100947	0.016545890945412076	0.016756714402343758	0.016964675063557266	0.017167293583424118	0.017362229410871052	0.01754731743884997	0.017720598868839425	0.017880345301699102	0.018025075332582973	0.0181535633838513	0.018264841065899744	0.018358191902708727	0.018433140707463023	0.01848943919663796	0.018527049572900474	0.018546127777923527	0.018547007910073285	0.018530188945994393	0.01849632447115245	0.018446215691233454	0.018380807593280972	0.018301187719340164	0.01820858656233456	0.01810437811360228	0.017990078696409662	0.01786734206636903
4.974188368183839	1.2993735359218293e-7	2.0589900911011843e-6	1.0244613264608394e-5	3.158108086748897e-5	7.464161851649898e-5	0.00014873344857780694	0.0002628770118538765	0.0004248272340162895	0.0006402459667313349	0.0009121123244858193	0.0012404251277830728	0.0016222139103924497	0.002051837315019077	0.0025215152275408874	0.0030220176721529944	0.003543421725287956	0.004075848114531584	0.004610100613116654	0.005138151261596885	0.005653439373296351	0.006150978416934923	0.006627288681564726	0.007080192301935709	0.007508518969014409	0.007911774823892402	0.008289824065471865	0.008642624000006476	0.00897004151307433	0.009271764396026904	0.009547306695522138	0.0097960950439282	0.010017614035079022	0.010211583799925794	0.010378142067838098	0.010518005690598279	0.010632591969013552	0.010724087032874625	0.010795455812905504	0.010850394767790589	0.010893233721619093	0.010928796516537715	0.010962231658667804	0.010998824028620865	0.01104379756411722	0.011102117214297201	0.011178296975223332	0.01127621983623818	0.011398975147793098	0.011548719159811113	0.011726564965304815	0.011932508388231927	0.012165396053319427	0.012422940642234962	0.012701786111067039	0.01299762239163503	0.01330534541106427	0.013619254334437078	0.013933274601427606	0.014241192847062482	0.014536888944131403	0.01481455060920202	0.015068858332685153	0.015295131253121007	0.015489428867758082	0.01564860740878401	0.015770333844244297	0.015853063623477843	0.015895990534982692	0.015898978020371626	0.015862481570932004	0.015787470788342358	0.0156753571321322	0.015527931971271483	0.015347317271493943	0.015135928809362223	0.01489645010449931	0.014631814160480178	0.014345189364704658	0.01403996582738512	0.013719739057974314	0.013388288158983012	0.013049544324564956	0.012707548229384219	0.012366406181178033	0.01203023647808133	0.011703108288176237	0.011388978885150733	0.011091623319785757	0.01081456138929876	0.010560991138154835	0.01033379797005761	0.010135372828054436	0.00996767980122481	0.009832168884043377	0.009729779086965066	0.00966091845145335	0.00962546931044752	0.009622802745507383	0.009651804223899321	0.009710909414734015	0.00979814901065721	0.009911201031020668	0.010047448893824097	0.01020404373587395	0.01037796923601222	0.0105661046751335	0.010765279273590923	0.01097231537685573	0.011184063786488403	0.011397434627078219	0.011609427392908244	0.011817165220816927	0.01201793048635974	0.01220919421086619	0.012388639200605449	0.012554178031319465	0.012703964548633102	0.012836397939327391	0.012950120744748305	0.013044014363167917	0.013117195709245057	0.01316901689762677	0.013199068431549442	0.013207186562905112	0.013193465909611976	0.01315827603194889	0.013102270404571641	0.013026368743790323	0.01293173024332041	0.012819761039425287	0.01269212103499612	0.012550681943689064	0.012397474169220983	0.012234644775484768	0.012064421647497834	0.011889081429427203	0.01171091455694719	0.011532187055903852	0.011355102656824245	0.011181767140223953	0.011014155845776334	0.010854085341502678	0.010703190147804577	0.010562904980174752	0.01043445238489474	0.010318835111297782	0.010216832269034698	0.01012899824599364	0.010055663348475541	0.009996935291346569	0.009952701394618407	0.009922632267117237	0.00990618790019699	0.009902626514535136	0.009911016099642013	0.009930248595364054	0.009959056783268019	0.009996034042735273	0.0100396571847869	0.010088312584051767	0.010140325696389115	0.010193993682275882	0.010247620273908327	0.010299551386057268	0.010348209492579944	0.010392124638967982	0.010429960188820505	0.010460531947022914	0.010482820041821416	0.010495973755316768	0.010499310254692737	0.01049230877870258	0.010474602150975983	0.010445967435327995	0.01040631713545844	0.010355691719009628	0.01029425363393247	0.010222282571625654	0.010140171589257813	0.010048423777190271	0.00994764931450917	0.009838562865528602	0.009721981261925264	0.009598821297827331	0.00947009730685074	0.009336918067701023	0.00920048253188853	0.009062073859445569	0.00892305124713079	0.008784839041320902	0.008648912698216871	0.00851678133837537	0.008389966931790227	0.00826998047280803	0.008158295781967398	0.008056321770248998	0.007965374135769324	0.007886647558951321	0.007821189513813309	0.007769876782858974
5.105088062083414	0.06739250521385672	0.06708387485931522	0.06657920056548285	0.06589183926691	0.06503890249129016	0.06404007029546943	0.0629162844976624	0.06168845148324303	0.060376278456831266	0.05899734644027806	0.057566491798712725	0.056095530135478966	0.054593317134844555	0.053066105276044294	0.051518127364226486	0.04995232023859747	0.04837109593275063	0.04677707248669281	0.04517369070211499	0.043565663611823326	0.04195922908028779	0.04036219959589791	0.03878382425134103	0.037234494177604084	0.0357253332203641	0.034267720217241365	0.03287278839152782	0.031550942214195084	0.030311424010836602	0.029161953099746247	0.028108450721301127	0.027154855564628322	0.02630302805136166	0.02555273702437998	0.024901720047942177	0.024345807772109557	0.023879103158712004	0.023494207144605078	0.02318248292900117	0.022934351091711765	0.02273960700836072	0.02258775063295418	0.022468317013577502	0.022371194393217667	0.022286915960246234	0.022206911696503656	0.02212370857228227	0.022031070542543038	0.021924074120267895	0.02179912023076815	0.021653887945646544	0.021487239901937554	0.02129909220105035	0.0210902629448213	0.02086231339944802	0.02061739390899957	0.020358103926910016	0.020087371985938223	0.0198083579746377	0.019524376799486712	0.01923884045091012	0.018955213734311523	0.018676978847666895	0.018407604048527853	0.018150512773137357	0.017909050780591244	0.017686450162016042	0.017485790196680295	0.017309955927928333	0.017161595480582423	0.017043077535503326	0.016956450621945927	0.016903405118628395	0.016885238927710388	0.016902827450052404	0.01695659849781338	0.017046512706038467	0.01717205009067344	0.017332203491235595	0.017525479427045756	0.01774990713784245	0.018003059416749807	0.018282088987697277	0.018583766735338184	0.01890453112471791	0.019240550533228987	0.019587791341254455	0.019942097494442954	0.020299280110319496	0.020655196782161638	0.021005745810846604	0.021347128833278148	0.021675735666807232	0.021988286736582024	0.02228183791242151	0.02255381440777443	0.02280202614626324	0.02302466992547503	0.02322032360081881	0.0233879334274444	0.023526796491770047	0.023636539761296815	0.02371709668651618	0.02376868135713768	0.023791760121889008	0.023787024375199934	0.023755373979978168	0.023697916149320746	0.02361596959097459	0.023511058221313497	0.023384893830767958	0.023239352392259775	0.023076443459047594	0.022898278126574637	0.022707041600912817	0.02250497026878324	0.02229433345773542	0.02207742113863205	0.021856536080113675	0.02163398605491175	0.021412072149150533	0.021193072470183177	0.020979222480739485	0.0207726917278473	0.02057555440268129	0.020389752758916496	0.02021706458748269	0.020059100825219278	0.019917324978909436	0.019793029448130738	0.0196872819024909	0.019600926877845582	0.019534610955915917	0.019488787642318473	0.019463721270183972	0.01945949044425625	0.01947598753003757	0.01951292175974143	0.019569827423403213	0.01964607481965182	0.019740882514365347	0.019853330014787073	0.019982370115491217	0.020126840465706692	0.020285474381842125	0.020456911383707144	0.020639708149519858	0.020832350611490982	0.021033268048119197	0.021240850068370638	0.02145346643902757	0.021669487963089585	0.021887305897082838	0.022105348410999138	0.02232209392386023	0.02253608164351184	0.022745919483260695	0.022950289252280074	0.023147948946841006	0.02333773218895718	0.023518545280289804	0.023689362868905956	0.02384922379062261	0.023997229105287083	0.02413254449844456	0.024254408889378826	0.024362150235536884	0.02445520828102732	0.024533162638157052	0.024595763448143487	0.024642961218464238	0.024674932415785514	0.024692097970359414	0.024695132849880053	0.024684966048099083	0.02466277145607997	0.024629950925416366	0.024588111250559486	0.02453903676177495	0.02448465883135517	0.02442702305770306	0.02436825444156771	0.024310520681553316	0.024255993829474676	0.024206810845067345	0.024165033880110386	0.024132611259878155	0.024111340110260216	0.024102831511193277	0.024108479049455803	0.02412943170716021	0.024166572071283796	0.024220500781789025	0.024291527906280797	0.02437967156619701	0.02448466370772882	0.024605962466535774	0.024742770160565808	0.024894055617810787	0.02505857939713356
5.235987755982989	1.2993734270761506e-7	2.059611265172724e-6	1.0257006496635891e-5	3.166724462784313e-5	7.500461505022131e-5	0.0001498669472849598	0.00026577100441414455	0.00043121398224594637	0.0006528594733203989	0.0009349277420188547	0.0012788427852219628	0.0016831564383807415	0.0021437371910848955	0.0026541826303187518	0.003206392936966254	0.003791230770346912	0.004399190879305649	0.005021010150687846	0.005648163648486241	0.006273211831670889	0.0068899855686879495	0.007493615922973433	0.008080432593732074	0.008647766728573003	0.009193699797886751	0.009716800382089498	0.010215885823661145	0.010689837001068035	0.011137483546178294	0.011557565272512381	0.01194876489759039	0.012309798525085956	0.012639544595891873	0.012937189460898469	0.013202368261236422	0.013435282922180611	0.013636783988768442	0.013808408822749146	0.013952374415542654	0.014071527970002618	0.014169261937320815	0.014249402145594711	0.014316078110516951	0.01437358391049671	0.014426236618562837	0.014478237718954267	0.014533541618899441	0.014595734548707958	0.01466792687547968	0.014752661996822384	0.014851845256545773	0.014966696416285478	0.01509772883551566	0.015244757549507515	0.015406936733990441	0.015582825056129762	0.015770475040000665	0.01596754053305354	0.016171394698532973	0.01637925026763643	0.016588273647144353	0.016795685767097463	0.01699884399982218	0.017195301940619398	0.017382846224984136	0.017559511815759973	0.017723579180692766	0.017873558085567582	0.018008163322700926	0.018126288005704844	0.01822697918244107	0.018309419254273946	0.01837291587085738	0.018416900965438625	0.01844093863577668	0.01844474020402815	0.0184281839176258	0.018391336303492014	0.018334472118889666	0.018258090440006643	0.018162924812373832	0.01804994307568977	0.017920331957871207	0.01777548195594765	0.017616965758958696	0.017446505885464546	0.017265938538301134	0.017077171294007022	0.016882133824344756	0.016682745369965835	0.01648094362267441	0.01627847956161597	0.01607706349318416	0.01587826475353626	0.015683512536518337	0.015494093839717579	0.015311145743312979	0.015135658319749183	0.014968480934571218	0.014810331607251372	0.01466180872321241	0.014523404580931593	0.014395520554277402	0.014278484055784288	0.014172567208564716	0.014078003871888916	0.01399499653771738	0.013923708227311538	0.013864250072443242	0.013816681351750714	0.013781018594188106	0.013757240790469076	0.013745292433665846	0.013745087938425868	0.013756513641339202	0.013779425044630174	0.013813639157923614	0.013858921977855395	0.013914972896010245	0.013981410126733712	0.014057761053633587	0.014143458573950394	0.014237842413999465	0.01434016537017164	0.0144496067607044	0.014565293984857888	0.01468632085344236	0.014811737805356662	0.014940525850200975	0.015071619291695523	0.015203963722981974	0.01533652186872348	0.015468251394433375	0.015598107865243287	0.015725051530355787	0.015848046622565972	0.015966063610666534	0.01607808469058451	0.016183108794476195	0.016280155882721064	0.016368271907801046	0.01644653548480559	0.016514066675923745	0.016570037734900643	0.016613685130939873	0.016644321786840704	0.016661348418329138	0.01666426309259608	0.01665266824828265	0.01662627448176134	0.016584901239676247	0.016528476150528094	0.01645703535421719	0.01637072595575278	0.016269810096846637	0.01615466956973911	0.01602581014841406	0.015883865140706263	0.015729597871618737	0.015563902896704408	0.01538780566683756	0.015202460145778552	0.015009143626387299	0.0148092478259007	0.014604265379895292	0.01439577117073193	0.014185398510887645	0.013974810950321803	0.013765671214506647	0.01355960931374262	0.013358192047721132	0.013162895908460093	0.012975084817619558	0.012795993368049425	0.012626715459571803	0.01246819759305577	0.012321235724801574	0.012186474520092404	0.012064408043316955	0.011955381290041223	0.011859592380738965	0.011777095571705193	0.011707805403581037	0.011651502275880465	0.011607839562339026	0.01157635217826096	0.011556466382040756	0.011547510575844896	0.011548726922827005	0.011559283641602585	0.01157828781534382	0.011604798455679367	0.011637839428558694	0.011676411741068546	0.011719504664410692	0.011766105267325922	0.011815206158898308	0.011865811548768626	0.011916942042073579	0.01196763878821537
5.366887449882563	0.10639545533601963	0.1060867074539444	0.10558110117356491	0.10489064033628977	0.10403050442840772	0.10301796652334998	0.10187120481458208	0.10060812475518947	0.09924530366810906	0.0977971521390157	0.09627535925164293	0.09468865558073887	0.09304289314284063	0.0913414094240426	0.08958561667823621	0.08777574034131748	0.08591162274622462	0.0839935101475489	0.08202275104687763	0.08000234982565356	0.07793733920534289	0.07583495550279722	0.07370461976537869	0.07155774390977493	0.06940739283977304	0.06726784071875931	0.06515406223942462	0.0630811984420297	0.06106403227076529	0.059116502670813226	0.057251278678130145	0.05547940759474257	0.05381004472835891	0.05225026679752857	0.0508049671671206	0.04947682851814319	0.04826636709006724	0.04717204185206634	0.046190421423550954	0.04531640090915881	0.04454345982759761	0.04386395098256556	0.04326940862568609	0.04275086291864378	0.04229914689938045	0.04190518224436577	0.0415602313189963	0.04125610535873276	0.04098532195213155	0.040741208952849044	0.04051795606068322	0.04031061908044851	0.04011508486670143	0.039928006814287716	0.0397467215610957	0.03956915694500617	0.03939374001588608	0.039219311811171796	0.039045053395761566	0.038870425329480235	0.038695121056547155	0.038519033007886644	0.03834222944808133	0.03816493959613707	0.03798754428224747	0.03781056969312651	0.03763468194187564	0.03746068056265341	0.03728948943744509	0.03712214361141525	0.03695977157798438	0.03680357250376172	0.036654787656476034	0.03651466744650309	0.036384434517412766	0.03626524407596329	0.036158143259058105	0.036064031518746785	0.03598362412082718	0.03591742053150789	0.03586567903294877	0.035828401364021344	0.03580533831768972	0.035795996727042374	0.03579965018764089	0.03581536693515675	0.035842048053438214	0.03587847736066752	0.035923385135667014	0.035975484720653754	0.036033457773991924	0.03609620233184981	0.03616265734466397	0.03623190975336083	0.03630323334734654	0.03637607444325338	0.03645005530207486	0.03652496411757794	0.03660073685470181	0.03667743398533574	0.03675521395206502	0.03683430481639918	0.03691497473279101	0.036997500734259704	0.03708213517346406	0.037169074198095814	0.0372584432638103	0.037350313311388474	0.037444729615336535	0.037541710834471866	0.0376412178753061	0.03774313155282888	0.037847248614565406	0.03795327987901986	0.03806084589869233	0.03816947696209506	0.0382786221696301	0.038387668029982946	0.03849596331235581	0.03860284314798549	0.03870764519789437	0.038809715421384915	0.038908406036701475	0.03900306855537169	0.039093040713979975	0.039177624820167456	0.03925606962426563	0.03932759573974933	0.0393914734339394	0.03944705128869303	0.039493685654232925	0.0395307110853261	0.039557495549355726	0.03957348109660222	0.039578193330368654	0.03957125648845627	0.03955241501593214	0.039521548388887856	0.03947867905511084	0.039423977841664404	0.039357768109219045	0.03928052794523556	0.0391928895632163	0.03909563558771298	0.038989692426148866	0.03887612118539412	0.03875610648374139	0.03863094337657088	0.03850202314688833	0.038370819755878256	0.0382388786133281	0.03810780711783204	0.03797926430416448	0.03785494738631695	0.037736575059396725	0.03762586856429865	0.037524531260742004	0.03743422702685715	0.037356557784541	0.03729304058940767	0.03724508488764594	0.037213970810001905	0.03720082972326023	0.03720662852203777	0.037232159124530505	0.037278034217378	0.03734468949930614	0.03743239168449266	0.03754125062698246	0.03767123336475616	0.03782217776330877	0.03799380372969058	0.038185720569147916	0.03839742986232037	0.038628324137821114	0.03887768245398291	0.0391446646107451	0.0394283059510331	0.03972751454411278	0.04004107204579301	0.04036763884088879	0.04070576333982969	0.04105389465800747	0.04141039747508473	0.04177356774637924	0.04214164814427882	0.042512842566116295	0.04288532959202445	0.04325727523081111	0.0436268455334462	0.04399221966196513	0.044351603838514615	0.04470324635635908	0.045045453579616056	0.04537660660957842	0.04569517803692155	0.045999747933193634	0.04628901803515539	0.04656182308583901	0.04681713864924076
5.497787143782138	1.29937333360812e-7	2.0601458764754654e-6	1.0267691185648192e-5	3.174169495054611e-5	7.531911383268511e-5	0.00015085213599461462	0.00026829554230615744	0.0004368083442890342	0.0006639585828413013	0.0009551044973990456	0.001313001847026996	0.0017376593959373687	0.0022264362540626117	0.0027743494817326075	0.0033745410250144415	0.004018841495907698	0.00469836519043568	0.005404075515362965	0.006127271172496072	0.006859958888403679	0.00759509576945351	0.008326701190004282	0.009049852547611177	0.009760589874561612	0.01045576046208973	0.011132836249406057	0.011789734216586788	0.012424664269574932	0.013036021240047721	0.01362232886003587	0.014182235078470018	0.01471455086011206	0.015218319377344016	0.01569289967825204	0.016138048551314763	0.016553986144462154	0.01694143440833725	0.0173016219269307	0.017636253428357725	0.017947446555156902	0.01823764180298636	0.01850949362326741	0.01876575148893338	0.01900913941801716	0.019242241358801874	0.01946739834171812	0.01968662174434837	0.01990152564266123	0.02011328014434272	0.02032258679584939	0.020529676502933972	0.020734329748629505	0.02093591808762119	0.021133464930177526	0.021325722376502366	0.02151125976746136	0.02168855844996446	0.021856106610944632	0.02201248781294435	0.022156457406955973	0.022287001909120852	0.022403378220065284	0.022505131314338043	0.022592091069757934	0.022664350804002056	0.022722231496841463	0.02276623665766413	0.022797003171118824	0.022815253202235704	0.02282175186521526	0.022817273785282758	0.022802580667334777	0.022778411166405537	0.022745481687863806	0.022704496750488412	0.02265616646955891	0.02260122799654639	0.022540467629471872	0.022474740529987932	0.022404985817187344	0.02233223554362522	0.022257613740166965	0.02218231767189657	0.02210759835748902	0.02203474070599422	0.021965033177797712	0.021899733176705946	0.021840026757383165	0.021786984082212538	0.021741540006402178	0.021704540153006685	0.02167649086404219	0.02165774339497743	0.021648442635101902	0.021648503597018875	0.02165763341592608	0.021675347414267673	0.021700989803820032	0.02173376045718355	0.021772745259175375	0.021816948552613017	0.02186532624949643	0.02191681855336992	0.021970382007730525	0.022025020707043732	0.022079812765820748	0.022133920181147463	0.022186572442215318	0.022237040681353005	0.02228463664793609	0.02232873612334023	0.02236879542307833	0.022404350232988732	0.022435008909185095	0.022460448570224233	0.02248041152448639	0.02249469756941364	0.022503150822444803	0.022505643469823196	0.022502061925062492	0.022492301089738046	0.022476268885072315	0.022453899045198192	0.022425169129014016	0.022390123033308538	0.022348897698114503	0.022301741571017882	0.02224899293555106	0.022191018915317412	0.022128198953502185	0.0220609907467484	0.021989972896570148	0.02191580972012414	0.021839204951249604	0.02176088380289277	0.021681585098146616	0.02160204875599012	0.02152300149427414	0.021445144520721566	0.021369143149585226	0.021295617759889165	0.02122513641915283	0.02115820968183218	0.02109528757247311	0.02103675814421191	0.02098294665367771	0.020934114488109334	0.020890457332983742	0.020852102127920876	0.02081910202833309	0.020791428897320285	0.020768964473675	0.020751492952831786	0.020738697519555906	0.02073016168073998	0.02072537482491205	0.020723741212170608	0.020724592000516056	0.020727200109377526	0.020730797573145405	0.020734594782502502	0.02073780074159278	0.020739643162461737	0.020739386932177098	0.020736349381285366	0.020729911009062806	0.020719520913877406	0.020704696998159567	0.020685021823351694	0.02066013556817615	0.020629727808813784	0.020593529818818245	0.02055130883410286	0.020502865275676293	0.02044803330289945	0.020386684368662686	0.020318732812844957	0.020244142118339026	0.020162930356822914	0.020075173561394166	0.01998100619472302	0.019880618420427317	0.019774250421576715	0.01966218444462542	0.019544735497823585	0.01942224165792093	0.01929505476133809	0.019163531967164107	0.01902802840055611	0.018888890907440992	0.01874645289392587	0.01860103024000397	0.018452918301508938	0.018302390011857395	0.018149695080708645	0.01799506030418999	0.01783869107751771	0.017680774303097307	0.017521482919581905	0.01736098213209631
5.6286868376817125	0.20152849452559582	0.20121965048679014	0.20071328033944338	0.20002027275391002	0.19915420288913407	0.19813032445104692	0.1969644656610443	0.19567193607043062	0.194266546755921	0.19275983098970773	0.19116052835510058	0.18947436579664853	0.18770413801760008	0.1858500606319583	0.18391034562138217	0.1818819320780943	0.1797612969566711	0.17754527052217983	0.17523178833485867	0.1728205242442983	0.170313364920014	0.16771470382323092	0.16503154934826167	0.16227345664597845	0.1594523043814637	0.1565819458564546	0.15367776846824874	0.15075619666074605	0.14783417188931383	0.14492863936677972	0.1420560662448096	0.13923201015373735	0.13647075132052872	0.1337849963028427	0.13118565702277094	0.12868170536508017	0.1262801010534226	0.12398578863808367	0.12180175796547695	0.11972916121387361	0.11776747831399415	0.11591472129087714	0.11416766685677983	0.11252210564467469	0.11097309603238507	0.10951521077636128	0.10814276576847744	0.10685002213505208	0.10563135545191144	0.1044813887772001	0.10339508915359903	0.10236782985825683	0.1013954227103127	0.10047412592852524	0.09960063361320197	0.09877205243672582	0.09798587052639633	0.0972399223569288	0.09653235241832185	0.09586157934718238	0.09522626161857517	0.09462526540729806	0.09405763485202967	0.09352256502503153	0.0930193778346761	0.0925475008298809	0.0921064488392951	0.09169580807097288	0.09131522202104975	0.09096437779713586	0.09064299267202534	0.09035079923245576	0.0900875270235426	0.08985288141851522	0.08964651920795637	0.08946802101180668	0.08931686146702204	0.08919237871244483	0.08909374502290218	0.0890199403154312	0.08896972934533669	0.08894164533182614	0.0889339993367812	0.0889448931247595	0.08897222545594446	0.08901371656949224	0.08906694350229323	0.08912939106406022	0.08919852043810683	0.08927179383502899	0.08934666515435126	0.08942084823845327	0.08949216751294824	0.08955856922846421	0.08961819223767044	0.08966939521558065	0.08971074830141872	0.08974103003855578	0.08975921997383075	0.08976448808560962	0.08975618270879489	0.08973381812226282	0.08969706180575722	0.08964571936190043	0.08957971416329917	0.08949906526540373	0.08940388508704983	0.08929442421428668	0.08917114151104456	0.0890347260432246	0.08888605492846367	0.08872613866820822	0.08855608552066228	0.08837708256069048	0.08819038165615711	0.08799728495605708	0.08779913359626294	0.08759730441341114	0.08739321369581056	0.08718832075162115	0.08698412245629872	0.08678213416363062	0.08658385814478407	0.08639074281009575	0.08620413334530659	0.08602521236971657	0.08585494367094527	0.08569407422045643	0.08554324389554564	0.08540309222545055	0.08527418880206315	0.08515688502847467	0.08505129354413125	0.0849573821918229	0.08487505302900676	0.08480416439497003	0.0847445287947269	0.0846959127990543	0.08465804217244301	0.08463060934873563	0.08461328211411878	0.0846057129716175	0.08460754839635765	0.08461843742255844	0.08463803950205305	0.08466603164762367	0.08470211434255093	0.08474601515765863	0.08479748952948286	0.08485632001409432	0.08492231696344281	0.08499532291285956	0.08507522012004547	0.08516193799860232	0.08525545692083247	0.08535580699738197	0.08546306263248099	0.08557733408804302	0.08569875656712579	0.08582747693126448	0.08596363856487337	0.08610736564516926	0.08625874868354505	0.08641783346370217	0.08658461533478194	0.08675904016952453	0.08694101220466371	0.08713040767184561	0.08732709197065097	0.08753093743883596	0.08774183864072077	0.0879597224574245	0.08818455101416267	0.08841631651811864	0.08865502826990325	0.08890069325446863	0.08915329260203768	0.0894127567007555	0.08967894182641582	0.08995161090201315	0.09023042048943603	0.09051491539098455	0.09080453134063114	0.09109860529951908	0.09139639203156609	0.09169708514107318	0.09199984072532567	0.09230380216422962	0.09260812509442012	0.09291200200194986	0.09321468592579596	0.09351551250863388	0.09381391925829226	0.09410946064435453	0.09440181770459566	0.09469080116299848	0.09497634753940463	0.09525850824875837	0.09553743223509019	0.09581334332798634
5.759586531581287	1.2993732618878024e-7	2.0605568481193537e-6	1.027591639209285e-5	3.179911099011271e-5	7.556218594854772e-5	0.00015161553196289804	0.00027025749125765536	0.0004411703729780864	0.0006726443817727185	0.0009709571496937068	0.0013399558527404192	0.0017808643117254274	0.002292312357159486	0.0028705622245073377	0.00350988936019172	0.004203064355464361	0.004941879324618159	0.0057176654351932905	0.006521757191206943	0.007345871645997936	0.008182384952841485	0.00902450261898316	0.009866331914627349	0.010702873984519525	0.011529958731380777	0.012344147411347489	0.01314262645287439	0.013923111948746259	0.014683778435939087	0.015423218906589882	0.016140436393706138	0.01683486173923005	0.017506387884290407	0.01815540859008259	0.01878284901064272	0.019390176849257115	0.019979385575043085	0.02055294484156669	0.021113717257159135	0.021664844456233925	0.02220960857023598	0.022751277416984805	0.023292942921721255	0.023837362520326446	0.024386812758963105	0.02494296323036697	0.025506777597875046	0.02607844691625832	0.02665735884450007	0.027242104669014017	0.027830524283015315	0.028419787371731786	0.029006507043427915	0.029586880155091384	0.030156846630203963	0.030712258655532315	0.031249049623711316	0.031763392589043433	0.03225183869457724	0.03271142769602172	0.033139764943700994	0.03353506214712677	0.03389614220562759	0.03422241129940542	0.03451380382257387	0.03477070759939536	0.03499387767095397	0.03518434703745063	0.035343341962010846	0.0354722083932778	0.03557235373345411	0.0356452063625161	0.03569219400234981	0.035714738682722354	0.0357142654617208	0.035692220926112746	0.03565009676567971	0.035589453638527516	0.035511941069215736	0.03541931046027595	0.035313419553885915	0.035196224595533405	0.0350697503006462	0.034936054926854046	0.03479719947882822	0.03465520732076526	0.03451202182413616	0.034369460807475063	0.03422917020270153	0.03409261107830677	0.03396114131327347	0.03383568109088864	0.033716935010775814	0.033605399078206775	0.033501356642530664	0.03340488713146087	0.033315901775569694	0.03323417818485281	0.03315939611324508	0.033091173885139595	0.03302910377292791	0.0329727846134487	0.03292185047041402	0.03287599521071235	0.03283499330358224	0.03279871335823644	0.032767111655149374	0.032740194800494	0.032717972152991485	0.03270043673479508	0.03268757434900341	0.032679373729494636	0.03267582651749945	0.03267691912209604	0.0326826210322483	0.03269287318730076	0.03270757618431766	0.032726576620612464	0.032749652509981984	0.03277650218192369	0.03280674178697924	0.032839913825342376	0.03287550584015711	0.03291297762846692	0.032951796854140396	0.03299148171418701	0.033031634488285715	0.03307192727685905	0.03311203392798646	0.033151592341215445	0.03319026847849268	0.03322785431856459	0.03326429213807882	0.033299627523345456	0.03333396015685244	0.03336742267868637	0.03340017543969432	0.03343240318394386	0.03346430958174421	0.033496110302656514	0.03352802589308906	0.03356027519930544	0.033593069545598264	0.03362660730774473	0.03366106802766008	0.03369660510650893	0.033733336603382826	0.0337713345605131	0.033810613854084764	0.03385112133201299	0.033892725571482346	0.03393520785840128	0.033978255759791104	0.034021461138912336	0.03406432410836505	0.03410626317888566	0.034146630440693736	0.03418472994124929	0.03421983767488468	0.03425122217713441	0.03427816504876736	0.03429998072029558	0.03431603458273551	0.03432575843867678	0.03432866220070852	0.034324340971633484	0.0343124770929109	0.03429283734231701	0.034265266041382976	0.034229675292008564	0.03418603387615255	0.03413435650592514	0.034074695029263406	0.034007132794007675	0.03393178266827099	0.03384878837870719	0.03375832811302742	0.03366061893484654	0.03355592052639987	0.033444537022911766	0.03332681609724618	0.0332031448880658	0.03307394277991804	0.032939651404567526	0.03280072250329878	0.03265760443451864	0.032510728118848704	0.03236049311791089	0.03220725441589121	0.032051310397042544	0.03189289253610124	0.031732157422482914	0.03156918183581286	0.03140396157208134	0.031236414529560535	0.031066388236930812	0.03089367164240579	0.03071801066822942	0.030539126782755933	0.03035673760189934
5.890486225480862	0.5472740377189288	0.5469651255807545	0.5464582137224145	0.5457633966335717	0.5448931004458959	0.5438611214441067	0.5426815749380051	0.5413678546484936	0.5399316987351909	0.5383824444407684	0.5367265312124098	0.5349672851109356	0.533104988750393	0.5311372142385894	0.5290593743866777	0.5268654317476503	0.524548696752644	0.5221026452768281	0.5195216914884163	0.516801862337346	0.5139413337508507	0.5109408037232811	0.507803692410741	0.5045361727932335	0.5011470465688513	0.49764748820975924	0.49405068539910596	0.4903714065211004	0.48662552583769964	0.4828295349335683	0.47900006549593804	0.4751534440808511	0.47130529472632543	0.4674702005463414	0.4636614310991451	0.4598907385557159	0.45616822255527545	0.45250226107655017	0.4488995025689322	0.44536491286208624	0.4419018689303385	0.43851229042169787	0.4351967990346816	0.431954895451933	0.4287851437373582	0.4256853539493919	0.4226527552067623	0.41968415345016213	0.41677607044999504	0.4139248629366287	0.41112682276451146	0.40837826051685155	0.40567557576321517	0.4030153171650493	0.4003942352358407	0.3978093292861698	0.3952578891756984	0.39273753130936767	0.3902462276785494	0.38778232639106963	0.3853445623744145	0.38293205779146094	0.3805443120094429	0.3781811824492534	0.3758428580294128	0.3735298276084082	0.3712428459006087	0.368982899213383	0.3667511728104859	0.3645490204787074	0.3623779382290501	0.36023954096923	0.3581355405053439	0.35606772415238236	0.35403793280195717	0.35204803720372	0.35009991128265283	0.34819540194741966	0.3463362954080534	0.3445242803282664	0.34276090688964866	0.34104754143767996	0.33938534348952903	0.3377752447328776	0.3362179081810912	0.3347137035493171	0.33326269557267846	0.3318646470913277	0.33051904898646506	0.3292250999618362	0.3279817115003262	0.32678766686112926	0.3256415841585818	0.32454188350748836	0.3234868300862926	0.3224745923502596	0.3215032868745216	0.3205710107391961	0.31967587408511994	0.31881603056825536	0.3179897052799649	0.3171952199976635	0.3164310140962397	0.3156956568432588	0.31498784550897074	0.31430639145832845	0.31365022092070094	0.3130184319300813	0.3124103892822316	0.31182576908933984	0.3112645307139037	0.3107268601277165	0.31021311132963825	0.3097237550418919	0.30925933816219564	0.30882045382753964	0.30840772078060985	0.3080217717189633	0.30766324887858654	0.3073328012074868	0.3070310765898749	0.3067587060728356	0.3065162797879724	0.30630431262099805	0.30612319353696676	0.3059731108330669	0.3058539624284277	0.3057653221997002	0.30570657371392773	0.30567714231547666	0.30567655556017476	0.3057042952690905	0.30575966260146464	0.3058417617294776	0.30594955664044293	0.30608194168255926	0.3062377927214341	0.3064159884952145	0.3066154094483997	0.30683492692230646	0.30707339161885056	0.3073296256112517	0.30760241982897885	0.3078905378638352	0.3081927259188849	0.3085077273469549	0.3088342987476584	0.30917122370343336	0.3095173207761358	0.30987144457197185	0.3102324815061931	0.31059934396519634	0.31097096715940187	0.31134631168698074	0.31172437165148276	0.31210418459106937	0.3124848380692387	0.31286546960790673	0.3132452600276557	0.3136234228392529	0.3139991932760785	0.31437182037500544	0.3147405648540076	0.3151047046758773	0.31546354911536584	0.3158164607620168	0.3161628832443391	0.316502370923814	0.3168346159448023	0.31715946820445967	0.31747694490876516	0.317787227920215	0.3180906485935417	0.3183876610158069	0.31867880552506517	0.31896466511481164	0.31924581779238576	0.31952278809508844	0.31979600084640175	0.32006574003687	0.3203321155670405	0.3205950404190835	0.32085422038933803	0.3211091576193705	0.3213591678582504	0.32160340999137366	0.3218409252918823	0.32207068335534805	0.32229163174702036	0.3225027467469867	0.3227030828601469	0.322891818734043	0.32306829684372856	0.32323205405706257	0.3233828403302286	0.32352062344855664	0.32364557880674366	0.32375806450107203	0.3238585833671255	0.3239477350325917
6.021385919380437	1.2993732168024462e-7	2.060815529057328e-6	1.0281098779009988e-5	3.183533244303616e-5	7.57157657629184e-5	0.00015209873463887676	0.00027150188749676683	0.00044394342798244297	0.0006781802018187726	0.0009810886703171737	0.0013572336732360184	0.001808647196034036	0.0023348161986195873	0.002932857817614747	0.0035978442124791205	0.004323229414865787	0.005101327214769663	0.005923791910802609	0.00678206146674935	0.007667733593173839	0.008572857690917663	0.009490137744586874	0.010413051749366324	0.011335901144688585	0.012253808539667824	0.013162683714163395	0.014059176790644605	0.014940634175153246	0.015805068088623045	0.016651145032574376	0.017478193105457004	0.018286223359762932	0.019075956866921966	0.01984884714986156	0.020607087256764536	0.021353591883329835	0.02209194732615759	0.022826325261271697	0.023561359924887424	0.024301991778333292	0.025053283795019903	0.02582021886708287	0.026607488383036466	0.02741928278777527	0.02825909499740059	0.029129547030979783	0.03003224925218992	0.03096770025449776	0.03193523369125505	0.03293301623501613	0.03395809833771172	0.03500651659273058	0.036073443382600635	0.03715337636667621	0.03824035740903463	0.03932820828873632	0.040410769033116224	0.04148212442951044	0.042536805161145996	0.04356995217618683	0.044577435979711054	0.04555592645123548	0.04650291290329318	0.047416678001448144	0.04829623268980971	0.04914122181703976	0.049951811690916365	0.05072857117466421	0.051472357158769355	0.05218421391368447	0.052865293409624904	0.05351680037700047	0.054139964012761284	0.05473603470392735	0.05530630180948962	0.055852126753694255	0.056374984500319615	0.0568765059629844	0.05735851430790212	0.05782304981773356	0.05827237942106209	0.058708984517882444	0.05913551587727955	0.05955472984923763	0.05996942413537632	0.060382358077422	0.060796165676451484	0.06121326575537452	0.061635777257228054	0.062065472332723894	0.06250392469912276	0.06295189932842538	0.0634096945377325	0.06387714990914221	0.06435366479628625	0.06483824134485165	0.06532954635380515	0.06582598807750516	0.06632579989735574	0.06682712716682215	0.067328112624566	0.06782697541293974	0.06832207954126839	0.06881198922130564	0.06929550939263433	0.06977170605587453	0.07023989240665847	0.07069957549102183	0.07115039737391311	0.0715921071035132	0.07202454905782123	0.07244764419794954	0.07286136249435696	0.07326569179038732	0.07366060685301386	0.07404603981699603	0.07442185209013634	0.07478780807571721	0.07514355298228229	0.07548859924204955	0.0758223258021158	0.07614399158558027	0.07645276197723887	0.07674774769503902	0.07702805725251372	0.07729286019720027	0.0775414353432755	0.0777731541400916	0.0779874069942089	0.0781835650893804	0.07836103143470029	0.07851934268987397	0.07865823864464369	0.07877767373376734	0.07887779421012094	0.07895890266408297	0.0790214241947416	0.07906588104300796	0.07909287559404869	0.07910307856545498	0.07909721951965913	0.07907607782208917	0.07904047242555357	0.07899124870802572	0.07892926063503594	0.07885534712535884	0.07877030286197778	0.07867484572342576	0.07856958461642713	0.07845499190865164	0.0783313841551427	0.07819891381897254	0.07805757288435523	0.0779072070644845	0.07774753812458764	0.07757819209614203	0.07739873179589968	0.07720869207927254	0.07700761574967228	0.0767950877104452	0.07657076514377324	0.07633440204522261	0.07608586699531068	0.07582515346222804	0.07555238229746734	0.0752677966039292	0.07497174990643439	0.07466468937415337	0.0743471364082131	0.07401966697718945	0.07368289367902187	0.0733374508511544	0.07298398336408103	0.0726231391091476	0.07225556462331209	0.0718819027993343	0.07150279131809488	0.07111886044915389	0.07073072924086683	0.0703389997456485	0.06994424957029514	0.06954702348235951	0.06914782492361254	0.06874710809955976	0.06834527095291686	0.06794264895301814	0.06753950938581356	0.06713604579641072	0.06673237243833219	0.06632851898055786	0.06592442621698266	0.06551994396347799	0.06511483254303248	0.06470876911768339	0.06430135961605217	0.0638921562750246	0.06348068010683613	0.06306644711643627	0.06264899686780491	0.06222792191691162
6.152285613280012	4.870263284579719	4.869954337156131	4.869447144374817	4.868751387791951	4.867878893999163	4.866842695220725	4.865656003309238	4.8643311938793214	4.862878893434595	4.861307248789047	4.859621436937597	4.857823447682818	4.8559121440268385	4.853883579731677	4.851731532159737	4.8494481933385725	4.847024954012114	4.844453214176841	4.841725158413831	4.838834443836937	4.8357767610403375	4.8325502423895506	4.829155705888919	4.825596735514751	4.821879609524673	4.818013096387678	4.81400814347498	4.809877486596636	4.805635209123523	4.801296278175378	4.796876082626894	4.792389993952275	4.787852966645356	4.7832791905155645	4.778681802884624	4.774072664809676	4.769462202047156	4.764859308576065	4.760271308093472	4.755703966939855	4.751161550389047	4.7466469131688935	4.7421616145267755	4.737706048197403	4.733279578328344	4.728880673769493	4.724507035042925	4.72015571058844	4.71582320124556	4.711505554076118	4.707198448239972	4.702897276498449	4.698597225944359	4.694293360674876	4.689980707931476	4.685654347166253	4.681309500074869	4.676941618077361	4.672546463012075	4.6681201766375695	4.663659335086023	4.659160986050099	4.654622667087831	4.650042406452785	4.645418707865769	4.640750523152501	4.636037216671331	4.631278525895276	4.626474522099313	4.621625573750614	4.6167323169845496	4.611795633131249	4.606816633232774	4.601796647964127	4.596737221623712	4.591640108224547	4.586507266602116	4.581340851632416	4.576143199060797	4.570916801906011	4.565664274593092	4.560388299990857	4.555091590474717	4.549776841913652	4.544446650230699	4.539103433487693	4.533749367334506	4.528386331369862	4.523015877127203	4.51763913598352	4.512256861948795	4.506869323327019	4.501476361141045	4.4960773649836545	4.490671354946664	4.485256920112835	4.479832322694003	4.474395586634176	4.46894458170305	4.46347711106323	4.4579910006322745	4.4524841874504295	4.446954801574013	4.441401232173617	4.435822166498656	4.43021659892709	4.424583838010603	4.418923567623843	4.413235955451723	4.4075217035818115	4.401782004044621	4.39601845197164	4.390232965591288	4.38442771788908	4.3786050613320295	4.372767448620064	4.366917363709315	4.361057270264298	4.355189575446139	4.349316602256439	4.34344056427	4.337563539824419	4.3316874435366435	4.3258139913985385	4.319944654062736	4.314080587422632	4.308222529392923	4.3023707206776995	4.2965250365224525	4.290685354123934	4.284851826174076	4.27902489859138	4.273205185542671	4.267393316279681	4.261589890532846	4.255795540513426	4.250010980603566	4.244237013411169	4.2384745120451965	4.2327243907223275	4.226987570460297	4.221264945414814	4.215557353147948	4.209865550205279	4.204190193240241	4.198531824584433	4.1928908596953285	4.187267573547701	4.181662084508223	4.176074336943366	4.170504086454951	4.164950892958408	4.159414126111721	4.153892985196765	4.148386532850336	4.142893740486991	4.137413542224164	4.131944891878779	4.126486815246754	4.121038450370247	4.115599072300123	4.110168103654271	4.104745115876392	4.099329827856484	4.093922108618978	4.088521989195612	4.083129685662121	4.077745631241952	4.072370511591232	4.067005295128621	4.061651250153196	4.056309942271159	4.050983208607945	4.045673108599963	4.040381854116271	4.0351117237349525	4.029864967033627	4.024643705027994	4.019449832927953	4.014284931549025	4.009150193958832	4.004046373808784	3.998973760759465	3.993932186155551	3.9889210588104578	3.9839394270962707	3.978986060474192	3.9740595420085665	3.969158363621414	3.964281017531114	3.95942607967436	3.954592283027607	3.9497785799425027	3.94498419267256	3.9402086505103235	3.9354518110531322	3.9307138627836515	3.92599530687924	3.9212969181128705	3.916619687644383
