0.0	11.997502732585573	11.990056005062405	11.977793249818625	11.960930854258876	11.939759381272191	11.914631930642274	11.885950328013857	11.85414994299351	11.819683995769203	11.783008209826969	11.744566609206556	11.704779148814064	11.664031715595543	11.622668859311402	11.580989418024231	11.539245009284015	11.497641176727258	11.456340825226512	11.41546945543834	11.37512162746365	11.33536804710848	11.296262677380552	11.257849329564232	11.220167276624904	11.183255548368074	11.147155702389654	11.111913006046874	11.077576101040941	11.044195343235673	11.011820107335197	10.9804954127713	10.950258260251571	10.921134067530536	10.893133560542582	10.866250416926043	10.840459879813986	10.815718468305144	10.791964815372664	10.769121571933622	10.74709823432844	10.725794687153554	10.705105208198745	10.684922659309771	10.665142586571033	10.645666973851387	10.626407432419837	10.607287661856477	10.588245078824011	10.569231575083153	10.550213429017182	10.531170451938047	10.512094496036786	10.492987483890646	10.473859138324215	10.4547245945776	10.435602066993377	10.416510720374896	10.397468865336798	10.37849255899424	10.35959466319141	10.340784338338828	10.32206698670634	10.303444549199739	10.284916087669394	10.26647856351797	10.248127709350175	10.229858903096519	10.21166795963074	10.19355177336243	10.175508764891509	10.157539097160162	10.139644610354507	10.121828562562465	10.10409537215783	10.086450091728672	10.068897817010498	10.05144310221458	10.034089425124227	10.016838729710157	9.999691041997927	9.982644344165077	9.965694943178717	9.948837599715608	9.932065638134896	9.915371517979663	9.898747568636331	9.882186670763664	9.865682796654323	9.849231510246689	9.83283039567901	9.816479348027764	9.800180691334331	9.783939107096801	9.76776137358298	9.751655944354019	9.735632427275654	9.719701032099154	9.70387201148847	9.688155052392679	9.672558526191892	9.657088607611618	9.641748707051539	9.626539736229399	9.611460664428476	9.596508533724892	9.581678034754813	9.566961169181765	9.552348374966995	9.537831565936525	9.523406166635416	9.509069578509271	9.494818104520219	9.480645831794702	9.466545834025215	9.452511172311612	9.438534886489494	9.424609841794231	9.410729328860631	9.396888629139678	9.383086337158558	9.369324642885195	9.355609409234807	9.341950626471325	9.328362588274539	9.314862174258367	9.301464750781335	9.2881803646526	9.275012429024697	9.261958404679588	9.249011172094127	9.236160476870685	9.223394506846622	9.210701492065494	9.198070820467569	9.18549345584013	9.172961989316326	9.160470701235328	9.148015709949911	9.135595099078111	9.123208905327518	9.11085890899763	9.098548246458902	9.086280913504167	9.074061232411706	9.061893337262687	9.049780717566916	9.037725858146628	9.025730018880202	9.013793198827907	9.001914309399732	8.990091532910643	8.978322784584387	8.966606169002132	8.954940348668524	8.943324797921179	8.931759960281132	8.920247347189116	8.908789612562439	8.89739061235214	8.886055423909488	8.874790281972212	8.863602401131432	8.85249968826451	8.841490380099344	8.830582656055254	8.819784274166087	8.809102265487878	8.798542706990226	8.788110578554237	8.777809698411081	8.767642724247894	8.757611204533804	8.74771566600609	8.73795572775074	8.72833023783737	8.718837431937656	8.70947511244602	8.700240841651468	8.691132136186015	8.682146645450741	8.673282296139222	8.664537389213647	8.655910644374545	8.647401198364518	8.639008574108788	8.6307326439158	8.622573608881028	8.614532007705321	8.60660875362016	8.598805182429459	8.591123082881992	8.583564676597762	8.576132520044533	8.568829314205688	8.561657625029673	8.55461953517499	8.547716261308054	8.540947779103417	8.534312499512934	8.527807035328875
0.1308996938995747	4.870263284597832	4.869954338118563	4.869447152190994	4.868751422411002	4.867879008067734	4.866843012002028	4.865656788296295	4.864332977263219	4.862882659824748	4.8613147055936325	4.8596353637688665	4.8578481171103585	4.855953790688009	4.853950882264977	4.851836062612967	4.849604783143544	4.847251925170551	4.84477242909229	4.842161851301764	4.839416809854539	4.836535294967087	4.8335168355988865	4.830362527325145	4.827074938428164	4.823657919954119	4.820116351019378	4.816455852780876	4.812682503318588	4.808802581557947	4.804822361859478	4.800747972800903	4.7965853248988735	4.79234010354016	4.788017816124986	4.783623877090393	4.779163711520817	4.774642857579334	4.770067049799746	4.765442268902529	4.76077474861241	4.756070935289999	4.751337401424224	4.7465807186722	4.741807299842413	4.737023221818105	4.73223404286222	4.727444628075403	4.722658996083781	4.717880198444179	4.7131102409084376	4.708350052660976	4.703599506360276	4.698857488073369	4.694122012738334	4.689390377378456	4.684659341740445	4.679925324055437	4.675184598727337	4.670433482944763	4.665668499951303	4.6608865103779715	4.656084803314452	4.6512611451720725	4.646413784344818	4.641541416833578	4.636643117040082	4.631718244010142	4.626766332139276	4.621786977113724	4.616779727471977	4.611743991751549	4.60667897420715	4.60158363917911	4.596456695113315	4.591296605668737	4.586101641207964	4.580869954803239	4.575599675470208	4.570289006723546	4.564936331759498	4.559540309099794	4.554099957262978	4.548614750591288	4.543084599008172	4.537509824992533	4.531891186910395	4.526229887501272	4.52052749571643	4.514785857879004	4.509007017581889	4.50319313636487	4.4973464182133425	4.491469044369399	4.485563123045982	4.479630654417755	4.4736735054185415	4.467693385004768	4.4616918125996685	4.455670073702181	4.4496291442741445	4.443569564366584	4.437491346726973	4.431394187132127	4.425278019110229	4.4191434559053375	4.412991754277489	4.406824347539874	4.400642361068756	4.394446393405446	4.3882368651162365	4.382014709108797	4.375781436791351	4.3695387528527485	4.3632885141632665	4.35703272899727	4.350773370985414	4.344512198116438	4.3382505993136355	4.331989480909974	4.325729217381895	4.319469551207681	4.3132093661198105	4.306946455531439	4.300677705607521	4.294399962933657	4.288110950919284	4.281809429312845	4.275494802997599	4.269166882542054	4.2628259334324134	4.256472757880428	4.250108724383939	4.243735789620115	4.237356454187147	4.230973581987701	4.2245901133650605	4.218208774414768	4.211831874278967	4.205461220855969	4.199098124993058	4.192743442972761	4.186397628345065	4.180060789588207	4.1737327564382865	4.167413152743683	4.161101469678101	4.154797133329919	4.148499563594489	4.142208225445621	4.135922677682448	4.129642625575763	4.123367979170698	4.117098907916812	4.1108358712742605	4.1045796047030905	4.098331055685191	4.092091286765183	4.085861375675106	4.0796423365243	4.073435067512339	4.067240315773696	4.061058647281956	4.054890415106766	4.048735725493615	4.0425944054312675	4.036465978035809	4.0303496535088135	4.024244343087047	4.01814870100977	4.012061195613031	4.005980206107922	3.999904137134843	3.993831539429317	3.987761222697024	3.9816923469838983	3.9756244819135236	3.9695576286595373	3.96349220592494	3.957429006604677	3.951369134824708	3.945313933439977	3.939264910629928	3.93322367208264	3.9271918631772795	3.92117112377329	3.91516305661121	3.9091692088650993	3.9031910651309816	3.897230049219392	3.891287531628779	3.8853648395013085	3.87946326611747	3.8735840774744865	3.86772851418508	3.861897787876867	3.8560930725120657	3.8503154924838334	3.844566110664113	3.83884592033502	3.8331558447697707
0.2617993877991494	1.2993736526572991e-7	2.060828550377641e-6	1.0281482075636673e-5	3.183935337987931e-5	7.573997888646959e-5	0.00015220166532240817	0.0002718460822675102	0.0004449084442358651	0.0006805432324875241	0.000986284602184556	0.0013676977120398316	0.0018282318541831134	0.002369262145287349	0.0029902868038868334	0.003689233827032986	0.004462825127113721	0.005306947644995525	0.006216988400186828	0.007188102033163554	0.008215393062741907	0.00929400885009924	0.010419151507657225	0.011586026569092451	0.01278975249684125	0.0140252578392973	0.015287192209652944	0.016569873655427957	0.017867289029583143	0.01917315641071155	0.020481050300923554	0.021784582155544272	0.023077621650668793	0.024354538750230928	0.025610443671213748	0.026841401559138472	0.028044601039218065	0.02921846043317397	0.030362661682370257	0.031478109073793094	0.032566816857566544	0.033631735984910247	0.03467653488188757	0.03570535205272813	0.03672253928865692	0.037732413484611586	0.0387390328535532	0.03974601008275758	0.040756371130083756	0.04177246430844984	0.042795920391482535	0.043827660901704986	0.04486794877975947	0.045916473327300915	0.04697245972560326	0.048034792671026484	0.04910214365938173	0.05017309219673433	0.05124623260524838	0.05232026009877961	0.05339403142728647	0.05446660011035415	0.055537224146396204	0.056605351398716926	0.05767058644406545	0.05873264437222484	0.05979129801229733	0.060846324900846925	0.061897459710306656	0.06294435682022213	0.06398656638141419	0.06502352633566516	0.06605457364345128	0.06707896911239426	0.06809592183702241	0.06910463165834556	0.07010433507748444	0.07109434945319558	0.07207411224801805	0.07304321225937709	0.07400141400854408	0.07494866108317379	0.07588503978055	0.07681076096717075	0.07772614711121818	0.07863157643743283	0.0795274193617871	0.08041398598946638	0.08129147803434035	0.08215994453019713	0.08301924706940884	0.08386903798906446	0.08470875346075528	0.08553762262773575	0.08635469259814954	0.08715886697230857	0.08794895324095801	0.08872371414678827	0.08948192171479452	0.0902224186153396	0.0909441963922598	0.09164648838493794	0.0923288230225912	0.09299096676687835	0.09363282770945662	0.09425445618301555	0.09485611541650531	0.09543833312187372	0.09600183809312919	0.096547320809737	0.09707519461798943	0.09758563624799745	0.09807884681206323	0.09855519254951643	0.09901513851820198	0.09945917072274164	0.09988778265480815	0.10030148438249185	0.10070076038158311	0.10108594202964848	0.10145710628536997	0.10181410269589869	0.10215662054913162	0.10248416437296888	0.1027959355519656	0.10309083139485446	0.10336774864837601	0.10362595810752066	0.10386525258537993	0.10408589237782628	0.10428848639107931	0.10447385332834998	0.10464286048818643	0.10479627953369382	0.10493471248731163	0.10505859546483659	0.10516823683623193	0.10526384797007828	0.10534555879757161	0.10541342914646222	0.10546746440278798	0.1055076370550098	0.10553391214931634	0.10554627420243955	0.10554475343890048	0.10552944932985754	0.10550054924559639	0.1054583395057731	0.10540320528537311	0.10533561554982958	0.10525609097057115	0.10516515752434102	0.10506329453908482	0.10495088899697567	0.10482820488899951	0.10469536942716236	0.10455237212103898	0.10439907109460207	0.10423520280683142	0.10406039426567243	0.10387417914292417	0.1036760201377973	0.10346533925408712	0.10324155552893455	0.10300412710592301	0.102752592715336	0.1024866073783392	0.1022059682796402	0.1019106285254312	0.10160069827088652	0.10127643413728221	0.10093821889414416	0.10058653412290064	0.10022192900943828	0.09984498842382528	0.09945630295645697	0.09905644272308461	0.09864593585524069	0.09822525196599768	0.09779479062098671	0.0973548748268344	0.09690574955389747	0.0964475851585022	0.09598048519238511	0.09550449753397851	0.09501962720730368	0.09452584890958105	0.09402311738569057	0.09351137447329967	0.09299055277712968	0.09246057718179694	0.09192136636337245	0.09137283678460777	0.09081491125263481	0.0902475331175228	0.08967068588827776	0.08908441675748169	0.08848886150393716	0.08788426763660218	0.08727101252718066	0.08664961366239099
0.39269908169872414	0.5472740377370388	0.546965126542413	0.5464582215734234	0.5457634315997877	0.5448932160541463	0.5438614426660099	0.5426823692274596	0.5413696519820275	0.5399354756387641	0.5383898817204467	0.5367403459290827	0.5349916253641195	0.5331458668387573	0.531202941822849	0.5291609543648549	0.5270168571664248	0.5247671080191222	0.5224083032205429	0.5199377347758216	0.517353832185787	0.5146564654029441	0.5118471012860027	0.5089288201436165	0.5059062106772286	0.502785170152169	0.4995726416299751	0.49627632156166585	0.4929043692069663	0.4894651446774277	0.48596699558070683	0.482418104116507	0.4788263979890118	0.47519952060538895	0.47154484956278253	0.46786954800487646	0.4641806313726629	0.46048503237214505	0.4567896493198244	0.45310136686141683	0.4494270427247868	0.4457734589944526	0.44214724080474826	0.43855474892741836	0.4350019552477841	0.43149431152433726	0.4280366221856344	0.4246329313856889	0.42128643329734056	0.4179994128483305	0.4147732219556257	0.4116082938564308	0.40850419569554647	0.40545971688168453	0.40247298840796314	0.3995416261949196	0.39666288993549226	0.39383384785265174	0.3910515374764048	0.3883131129846382	0.3856159705333042	0.38295784566041036	0.3803368777468106	0.37775164059176897	0.3752011384537491	0.3726847718557546	0.3702022780252619	0.36775365269871974	0.3653390608621094	0.36295874445254156	0.3606129346613555	0.35830177597668483	0.35602527090782016	0.3537832454464156	0.35157533109138955	0.34940096556312117	0.34725942374673063	0.3451498649317984	0.3430713918314436	0.3410231174302889	0.3390042359603589	0.3370140889863193	0.3350522306578338	0.3331184946333486	0.33121297928661075	0.32933605949395733	0.32748840711537347	0.32567097472902184	0.32388495613779994	0.32213174319543736	0.3204128765271548	0.31872999199805085	0.31708476734738766	0.3154788727684688	0.31391392809046925	0.3123914671361165	0.3109129067405517	0.30947951550415115	0.3080923774363307	0.3067523441638204	0.3054599604809271	0.30421535609410166	0.30301819026202337	0.30186784753251134	0.30076383050158867	0.29970594960537394	0.2986941920551353	0.29772843993667547	0.2968082106177662	0.29593259956447565	0.29510064937480723	0.2943118347106589	0.2935660090413161	0.29286306700641873	0.29220283554004994	0.2915850815898196	0.29100949942614807	0.29047566803190134	0.2899829986947869	0.2895307350290155	0.28911797152467866	0.28874353595378593	0.2884057546383878	0.28810235272895485	0.28783076746938113	0.2875887535180711	0.28737468349846307	0.2871873361850763	0.2870255963889745	0.2868883658625841	0.28677462047851116	0.28668351952552046	0.2866145318793299	0.2865675137605862	0.2865426821568917	0.28654048327264164	0.2865614134074195	0.2866058601150743	0.28667399536329313	0.28676571843587756	0.2868806364489633	0.28701807264962537	0.28717709433529043	0.28735655225771356	0.2875551247028278	0.2877713619041426	0.2880037285980376	0.2882506442884932	0.28851052275685296	0.28878181426637833	0.28906305422128453	0.28935291881443237	0.2896502812811654	0.2899542555014521	0.2902642130714444	0.29057976821685877	0.2909007368775992	0.29122708346454207	0.2915588676214853	0.29189619716414533	0.29223918730828563	0.29258792279150153	0.2929424188700748	0.29330257925030784	0.2936681527884628	0.2940386942639894	0.29441353598166076	0.29479177609901647	0.29517228732375606	0.29555374709662297	0.2959346881049422	0.2963135658424743	0.2966888376707468	0.29705904562393287	0.29742289383967985	0.2977793119486505	0.2981274983278995	0.29846694106301147	0.29879741832674006	0.2991189824156621	0.299431932483694	0.2997367804852141	0.30003421373642863	0.3003250564552708	0.30061023199372744	0.3008907272827199	0.3011675610652204	0.3014417574503633	0.30171432587821767	0.3019862476686684	0.3022584681479858	0.3025318922821863	0.30280738114599987	0.3030857465831748	0.30336774202874955	0.30365404852108707	0.3039452562730478	0.3042418436234691	0.3045441564926564	0.30485239227070665	0.3051665920653673
0.5235987755982988	1.299373652664345e-7	2.0605687259691156e-6	1.0276269793859535e-5	3.180283018370844e-5	7.558459876021587e-5	0.0001517107684868432	0.00027057558149465246	0.00044206063114908583	0.0006748194129030735	0.0009757265858509624	0.0013495301581977898	0.001798717864977116	0.0023235833028766003	0.0029224563012355867	0.003592047878412648	0.004327854013580852	0.005124564130586467	0.0059764283562062466	0.006877550291596253	0.007822086943938713	0.00880435241325059	0.00981883509507099	0.010860148252138496	0.011922940110266593	0.013001791957554243	0.014091131318243433	0.015185182704747231	0.01627797152055184	0.017363388330495225	0.018435311937736665	0.019487781505586874	0.02051520124500771	0.021512556684346623	0.022475619712085126	0.023401120572851524	0.024286868584587337	0.025131808985931803	0.02593601022418644	0.026700583233919373	0.027427540923943294	0.028119611419360983	0.02878002207492597	0.02941227266104766	0.03001991549728995	0.03060635798509366	0.031174699454138564	0.03172761003289299	0.03226725491243773	0.0327952633410983	0.033312738290140746	0.0338203001373343	0.0343181560355526	0.03480618584985209	0.0352840355096732	0.035751209294844204	0.036207153809299696	0.0366513280013561	0.03708325545883431	0.03750255723891315	0.03790896496857637	0.03830231716141918	0.03868254017882224	0.03904961973163721	0.03940356718042912	0.0397443852152406	0.040072037442397145	0.04038642568722612	0.04068737742858191	0.04097464470871898	0.04124791458664842	0.041506830371150445	0.04175102252170281	0.04198014480709964	0.04219390638760075	0.04239210783911538	0.04257467304025331	0.04274167290329867	0.042893339608179974	0.04303006987296127	0.04315242022245947	0.04326108644769916	0.043356858355067425	0.04344058854895877	0.043513169535570134	0.04357548016401214	0.04362834150570522	0.04367248669576405	0.04370852823259241	0.0437369345123455	0.04375801788009968	0.04377193293057266	0.04377868477664602	0.04377814671913081	0.04377008604811659	0.043754195917204176	0.043730130690408826	0.04369754279074214	0.043656121387663525	0.04360563668269668	0.04354599571748321	0.04347730283814736	0.043399873051282845	0.0433141426451512	0.04322057376306939	0.043119698003127156	0.043012211907362735	0.04289899953188434	0.04278108880432393	0.04265951461271284	0.042535122572361896	0.042408540290935666	0.04228035190413262	0.042151201155010844	0.04202176010997429	0.041892671114062134	0.04176452356341292	0.041637866385331505	0.041513195819469384	0.04139088923888671	0.04127116806599659	0.041154176682177364	0.041040091826988014	0.04092909852891972	0.040821207075299855	0.04071613165129698	0.040613448549260224	0.04051284560848139	0.04041419511005083	0.040317500571964614	0.04022283008982552	0.04013025344153724	0.04003977864359229	0.03995130805518282	0.039864640852480836	0.039779518407770435	0.039695677838713854	0.039612885398164155	0.03953094907883283	0.03944972300498212	0.03936911147699295	0.03928907350033312	0.03920962647810399	0.03913084802515381	0.03905287527430434	0.038975901430599376	0.038900169440466474	0.03882596210865173	0.03875358708973661	0.03868335488224091	0.038615549415500675	0.03855039435090304	0.03848802209525098	0.03842845326752261	0.03837158997579184	0.03831721950647531	0.03826502141148667	0.038214572965382256	0.0381653529194059	0.038116747278529026	0.03806806159558258	0.038018542547774474	0.03796740867338063	0.037913887357665856	0.03785725346156812	0.037796864838724235	0.0377321910591397	0.03766283311788145	0.037588533066918256	0.03750917324478775	0.037424765406527824	0.037335430891957865	0.03724137399520861	0.03714285153845947	0.03704014185844666	0.036933515837757676	0.03682321157910247	0.03670941340643386	0.03659223547218153	0.036471710309159015	0.036347782843703706	0.03622031035937401	0.03608906855340919	0.035953763229337556	0.035814046469323645	0.03566953550752137	0.035519832168207734	0.03536454079525023	0.03520328313453335	0.03503570953243427	0.03486150683083342	0.03468040416438694	0.03449217825244149	0.03429665963136713	0.03409374067132353	0.03388338536734659	0.03366564003481867	0.03344064339164535	0.03320863421605936	0.03296995487449999	0.03272504946648408
0.6544984694978736	0.20152849454369984	0.2012196514469546	0.2007132882575765	0.20002030838863005	0.19915432145995063	0.19813065421544707	0.19696527787255624	0.19567376047920446	0.19427034507881416	0.19276723510500848	0.19117414070533115	0.18949810781860557	0.18774362020735894	0.18591293720517363	0.18400660960053108	0.18202410445237036	0.1799644669641837	0.17782695289291403	0.17561157654357865	0.1733195349574693	0.17095348613302166	0.16851767595590608	0.1660179233227704	0.16346148459857252	0.1608568264336307	0.1582133399128592	0.15554102921284574	0.1528502048892124	0.15015120631523574	0.14745417050764542	0.14476885655694316	0.14210452707877155	0.13946988137629543	0.1368730300162548	0.1343214976672257	0.13182224040706	0.12938166504736226	0.1270056408632187	0.12469949781796441	0.12246800926040376	0.12031536055023884	0.11824510770639651	0.11626013175782553	0.11436259500352568	0.11255390502399927	0.11083469130101048	0.10920479798846662	0.10766329499844941	0.10620850829492225	0.10483806922016446	0.10354898177101844	0.10233770609628147	0.10120025575408313	0.10013230572093824	0.09912930758834519	0.09818660781978499	0.09729956455217502	0.09646365820940798	0.09567459123267259	0.09492837255144958	0.09422138328070558	0.09355042109899503	0.09291272176249143	0.0923059570779673	0.09172821166402638	0.09117794076585152	0.09065391255797267	0.09015513971634005	0.08968080525189763	0.08923018776193566	0.08880259117101812	0.08839728539798913	0.0880134589387576	0.08765018454281054	0.08730639880811215	0.08698090167120194	0.08667237060645261	0.0863793881184987	0.08610048093521648	0.08583416564700476	0.08557899856708014	0.08533363414465689	0.08509687943153406	0.08486770426658184	0.08464528194847636	0.08442901232836315	0.0842185218941668	0.08401366573559314	0.08381451624655666	0.08362134031161784	0.08343456953377054	0.08325476588508192	0.08308258506800696	0.08291873972796111	0.08276396383018557	0.08261897790194042	0.08248445303984764	0.0823609704870134	0.08224897170776171	0.08214869077925263	0.0820600765710179	0.08198278348530151	0.081916345047409	0.08186039464981064	0.08181463851441363	0.08177868103850272	0.08175192840363178	0.08173354772414627	0.08172253098065965	0.0817179954636884	0.08171941430599368	0.08172645381083371	0.0817387720067471	0.0817560170505771	0.0817778969054012	0.08180419912505978	0.08183475201566628	0.08186939936801607	0.08190803483912128	0.08195061144927714	0.08199698544432434	0.08204668849305065	0.08209890617738531	0.08215279760144936	0.08220789274789762	0.08226411547066666	0.08232152166551358	0.08238017211252689	0.0824401711416831	0.08250173416480448	0.08256524375424225	0.08263129265220247	0.0827006941895462	0.08277442653738125	0.08285351594320348	0.08293890926073405	0.08303138215215757	0.08313149206220834	0.08323956155305826	0.08335567789423043	0.08347970219133538	0.08361128594351142	0.08374989445383418	0.08389483611708659	0.08404529561186815	0.08420036889551157	0.08435909908969301	0.08452051415523261	0.08468366829667627	0.08484768781671866	0.0850118181018445	0.0851754633729424	0.08533820916275549	0.085499822711422	0.08566023610372704	0.0858195231913385	0.08597787919159187	0.0861356043922137	0.08629308723619418	0.08645078068516836	0.08660916834397374	0.08676872092184945	0.08692984717725706	0.08709284542729596	0.08725786173827042	0.08742485960261115	0.0875936042564656	0.08776366350111575	0.08793442588632028	0.08810513585561246	0.08827494359947859	0.08844296515652868	0.08860834649660304	0.08877032473876471	0.08892828064958647	0.08908177869933998	0.08923059326451689	0.08937472123483849	0.08951438211801961	0.0896500070586282	0.0897822183746965	0.0899118014206976	0.09003967080882287	0.09016683325730161	0.09029434957268197	0.09042329840656689	0.09055474425651315	0.09068971154162637	0.09082916549740128	0.09097399934961281	0.09112502611735711	0.09128297278807268	0.09144847465038015	0.09162206820161713	0.09180418205510539	0.09199512638724278	0.09219508242640388	0.09240409409011087	0.09262206400967982	0.09284875583494878
0.7853981633974483	1.2993736526755268e-7	2.060155935921699e-6	1.0267997095925652e-5	3.17449355871408e-5	7.533867791582432e-5	0.0001509352328848436	0.00026857258953178305	0.0004375815438251689	0.0006658406095375492	0.0009592126879978572	0.0013212046167917692	0.0017528610977380263	0.0022528761740845706	0.002817882160945405	0.003442860385392843	0.004121611500075502	0.004847225293010927	0.005612499401286305	0.006410270889862596	0.007233641649537729	0.0080760954414921	0.008931519028683168	0.009794150678405507	0.010658485597759443	0.011519169450707155	0.0123709084396747	0.013208418367369227	0.014026426736211467	0.01481973252188355	0.015583318995335703	0.016312506968821337	0.01700312999692073	0.017651709967539075	0.01825561140913384	0.018813155577004897	0.019323680461851882	0.019787539498078478	0.020206038974654558	0.020581320975601287	0.020916204226119315	0.021213998861568873	0.0214783125600564	0.021712864715828967	0.02192132271804513	0.022107170491618786	0.02227361491914272	0.022423531248624142	0.022559444649025498	0.02268354208403056	0.022797706815090607	0.022903567111828702	0.023002550990846388	0.023095939850618585	0.02318491531586782	0.023270595339041838	0.023354057358774955	0.02343634789711259	0.023518479352121535	0.023601415869458898	0.02368605067240634	0.023773178624002165	0.02386346623910368	0.023957423644185558	0.024055380823400748	0.02415747058789783	0.024263620581845554	0.02437355523541444	0.024486808046508435	0.024602743726914757	0.0247205890021609	0.024839470390299587	0.024958456517733745	0.025076602512462104	0.025192990736696137	0.02530676936977776	0.025417187647886048	0.025523621047695486	0.02562558663023215	0.025722749123313626	0.025814918965026013	0.025902036379684006	0.025984137472941416	0.026061330973797963	0.026133776314485355	0.026201644984311132	0.02626508772612611	0.026324202276553233	0.026379007100080214	0.02642942371863993	0.026475265854772844	0.026516236282848545	0.026551931703161013	0.026581855139200205	0.026605434884327542	0.026622048625592015	0.026631051256838054	0.02663180550540994	0.026623715898517978	0.026606268365937876	0.02657907778631603	0.026541933074097027	0.026494796411027883	0.026437729617852148	0.026370851251457342	0.026294411686476168	0.026208865745590056	0.026114860867710813	0.02601318765376225	0.025904676039776687	0.025790049309774857	0.02566993675423926	0.02554502295807121	0.02541605740939984	0.02528377080630753	0.025148837135031063	0.025011891169827338	0.024873552756679213	0.024734416765043565	0.024595007406846923	0.024455774316777857	0.024317186045906155	0.024179820538869842	0.02404431176109573	0.02391115956951041	0.023780616545001663	0.023652821326729925	0.02352796786302699	0.023406306541495777	0.023288084996302704	0.023173521695368213	0.023062790015835288	0.022955997029485645	0.022853171312926954	0.022754279089751472	0.022659265647461166	0.022568098369361664	0.02248079304536547	0.022397423401087455	0.0223181221294354	0.02224307941250651	0.02217254055803782	0.02210680170668147	0.022046202450456336	0.02199111545621028	0.02194193402456338	0.021899058372765387	0.021862880609729813	0.021833767444119193	0.02181203941976077	0.021797946641936062	0.021791643471341073	0.021793166885039916	0.021802422621655656	0.021819179338401388	0.021843067138195324	0.021873576826863885	0.021910059674591226	0.021951730406581393	0.021997676344918518	0.02204687406807315	0.022098213410235726	0.022150527587348087	0.022202627428076837	0.022253337103245074	0.02230152863479708	0.02234615277804851	0.022386264282129396	0.022421039883179422	0.02244978781674059	0.022471948332292897	0.022487085641915067	0.02249487272703128	0.022495071170725203	0.0224875084544075	0.022472054949426303	0.022448602375914922	0.02241704507182123	0.022377265121439855	0.0223291221577365	0.02227244838034939	0.022207049006375476	0.02213270800714133	0.022049198562032985	0.021956297170885607	0.021853799887459096	0.021741538832214257	0.021619397171604007	0.02148732116514719	0.021345328586932732	0.021193513623653248	0.02103204900961518	0.020861186509452873	0.020681256837768117	0.020492669763570382	0.02029591462379159	0.020091560934611046	0.019880258388653167	0.019662735343598827	0.019439794954944942	0.019212308344374377
0.916297857297023	0.10639545535411528	0.10608670841199717	0.1055811091862522	0.10489067691152942	0.1040306271621153	0.1030183082864229	0.10187204225519515	0.10060998770557711	0.09924913464139763	0.09780451912713052	0.09628871596197315	0.09471163237655916	0.09308059116258886	0.09140066172852812	0.08967517566155997	0.08790635127833046	0.08609594961874593	0.08424589125658861	0.0823587770427157	0.08043827379843026	0.07848934530158481	0.07651832722758994	0.07453286015636416	0.07254170614916579	0.07055448122854246	0.06858133844331522	0.0666326346102699	0.06471860915044209	0.06284909671176381	0.061033287575247154	0.05927954220736722	0.057595259625800664	0.055986794139727035	0.05445941187496256	0.05301727735358768	0.05166346102790446	0.050399960593340766	0.04922773150665639	0.04814672477213531	0.047155932178191744	0.04625344040443269	0.04543649564318175	0.04470157969711011	0.04404449721929365	0.04346047225407241	0.04294425092422893	0.042490206315266475	0.04209244151199496	0.041744887347168004	0.0414413925812584	0.04117580564863028	0.04094204857167497	0.04073418464239275	0.04054648211189468	0.04037347604783988	0.040210029854632616	0.040051396896152114	0.03989328134422568	0.03973189607996275	0.03956401454853029	0.03938701266135291	0.039198897443945856	0.03899831831014388	0.03878455928039453	0.038557511473269544	0.0383176257845177	0.03806584833940239	0.03780354204561711	0.03753239871987339	0.037254346834233364	0.036971460121561196	0.03668587351505161	0.03639970831377642	0.03611500959105626	0.03583369882927078	0.035557540500177315	0.03528812662494621	0.03502687596243794	0.03477504399589648	0.03453374115398555	0.03430395902797485	0.03408660563030977	0.03388253452968091	0.033692553652945476	0.03351744578064709	0.033357982638853444	0.03321493676270173	0.03308908151202894	0.0329811840349816	0.032891994404471776	0.032822230932197466	0.03277256270210354	0.03274359065123946	0.03273582830461038	0.032749682749391586	0.03278543551054284	0.032843221919785	0.03292300690536473	0.0330245543647468	0.03314738718538496	0.033290748536326305	0.03345361582222608	0.033634808249140224	0.033833065870325175	0.03404698243031675	0.0342749292887033	0.034515055749371325	0.03476530695534379	0.03502350382957348	0.0352875378296051	0.035555424772154794	0.035825164059455926	0.036094745236998106	0.036362251500137326	0.03662589206295173	0.036883977186520936	0.03713489627719475	0.03737712802376225	0.03760928188242025	0.03783008606356209	0.03803825188870766	0.03823233731752589	0.03841079830752918	0.03857225306074392	0.038715703811038144	0.038840455277320544	0.038945954234724994	0.03903180437481831	0.03909783288158276	0.03914410413638454	0.03917092427779565	0.0391788576917311	0.03916872818799983	0.03914158031761672	0.03909860394392411	0.039041051607962333	0.03897017625634442	0.03888719449979888	0.038793267111777475	0.03868948959573701	0.038576890557259665	0.03845643776015593	0.038329050855505774	0.03819561841704975	0.038057016602474056	0.03791412740066695	0.03776785569065478	0.03761914574782991	0.03746899850026424	0.03731848988575311	0.03716878811353354	0.03702116519057625	0.036876998446233655	0.036737761742021334	0.036605010240917384	0.036480362917427435	0.03636548389466215	0.03626206123560396	0.036171781924885245	0.036096302917049745	0.036037218710292696	0.03599602618371336	0.03597408809746127	0.035972597457794846	0.03599254526437337	0.03603469392289022	0.03609955822972392	0.03618739553730003	0.03629820631765082	0.03643174558858556	0.03658754448402201	0.03676493986182993	0.036963108697361406	0.037181103563707324	0.03741788591319237	0.037672354887164715	0.037943370508564764	0.03822977098578476	0.038530384363726015	0.03884403495279898	0.03916954497889876	0.039505731911481094	0.039851402116962455	0.04020534189453762	0.04056630744535777	0.04093301566804423	0.04130413766335463	0.0416782964010198	0.04205406924109715	0.04242999511265916	0.04280458536901468	0.04317633684775959	0.043543745554665135	0.04390531964451857	0.044259590885909215	0.04460512441953002	0.044940527195936684	0.045264455891018796	0.045575625285029724	0.045872818040088505
1.0471975511965976	1.2993736526901608e-7	2.0596189559255063e-6	1.0257250632975144e-5	3.166986424832104e-5	7.502049429224042e-5	0.00014993440570894745	0.00026599544088366393	0.00043183799981457853	0.0006543705613160375	0.0009382050265347291	0.0012853362717473928	0.0016950829060179936	0.002164268295153207	0.00268759476834537	0.0032581466427778548	0.0038679507383925656	0.004508526188670383	0.005171366916681396	0.005848317464609286	0.006531822799720667	0.007215052200819719	0.007891913796566008	0.008556988016540347	0.0092054142758773	0.009832765668527725	0.010434942042101394	0.011008103828154444	0.011548658939260133	0.012053304503015401	0.01251911562970682	0.012943665965803854	0.013325160244532744	0.013662557741789235	0.013955667368379885	0.01420519956229939	0.014412766357760209	0.01458082798584504	0.014712591056362995	0.014811868854088533	0.014882917880195176	0.014930266145860988	0.014958547912960418	0.014972356939657526	0.014976126435122819	0.014974039579455622	0.014969970333057235	0.014967450916411799	0.014969660149646203	0.014979425915768571	0.01499923524138183	0.01503124659190283	0.015077300560907654	0.015138926892632687	0.015217347232175146	0.015313474163277932	0.015427907698680065	0.015560930584155397	0.01571250365068703	0.015882262200019363	0.016069513884014407	0.01627323907850055	0.01649209344887639	0.016724414436846084	0.01696823147262722	0.017221281880510014	0.01748103364055644	0.017744716165225813	0.018009360189137034	0.018271847177913924	0.018528967934343495	0.0187774892881788	0.01901422601481406	0.019236115910816042	0.019440293804322686	0.019624160399275878	0.01978544689724621	0.019922264446892865	0.020033139657185003	0.02011703547509196	0.020173356837860423	0.020201935588538965	0.020202994661215085	0.02017711773136714	0.020125210256323304	0.02004845067271208	0.01994823516111848	0.019826124349984698	0.019683800884294018	0.019523031004175812	0.01934563286133271	0.019153452787651615	0.01894834900751635	0.01873218185858818	0.018506809241050436	0.01827408590026842	0.018035865406331206	0.017794004326969228	0.017550368759666146	0.01730684410555279	0.01706534887510509	0.016827844252923677	0.01659631105589739	0.01637268904996285	0.016158850611271817	0.015956620512378478	0.015767763427317234	0.015593961273405838	0.015436801443510515	0.015297710509188564	0.015177848106519468	0.015078130540838766	0.014999310810455751	0.014941922413268067	0.014906223568074264	0.014892212118098129	0.01489965473194809	0.014928104943883837	0.014976900214688475	0.015045149435381384	0.015131766610064797	0.015235557960442361	0.015355276060439807	0.015489570634613481	0.01563686371287552	0.01579531112283333	0.015962922244569456	0.016137647238470547	0.016317372319627408	0.016499930338842148	0.016683139688454095	0.0168648319228548	0.017042855878766035	0.01721507862876324	0.017379404280649848	0.017533812581953745	0.017676402039372045	0.01780542463256374	0.017919312201611765	0.018016698927222328	0.018096439915222678	0.0181576232311702	0.018199574333336674	0.01822185376833169	0.01822424956151514	0.018206765705427924	0.018169607839151974	0.018113166529886513	0.01803799780700416	0.017944800412685834	0.017834390160898255	0.017707673641195652	0.017565624921138178	0.017409268207470237	0.01723966673461232	0.01705791588869404	0.016865138508910395	0.01666248139178287	0.016451112657584085	0.016232219922320986	0.01600700969769017	0.015776708700045307	0.015542567242240233	0.01530586389761483	0.015067909884973571	0.014830051472420952	0.014593668951659783	0.014360171084005122	0.014130984264866883	0.013907536084685963	0.013691233579118339	0.013483437233328998	0.013285432549836966	0.013098401437383998	0.012923395643066141	0.01276131397265178	0.012612884369956742	0.012478651316699564	0.0123589685871371	0.012253997132289344	0.012163707723877851	0.012087887906275989	0.012026152729971705	0.011977958630069572	0.011942619667263878	0.011919325207236485	0.011907158039138629	0.01190511198235196	0.01191210823167612	0.011927010026046883	0.011948635630590213	0.011975770005941794	0.01200717581222812	0.012041604492671774	0.012077808083222756	0.012114552134432964	0.012150629788095259	0.012184876714008244	0.012216186350219543	0.01224352473896674	0.012265944223362926
1.1780972450961724	0.06739250523194219	0.06708387581478299	0.06657920869337727	0.06589187698622523	0.06503903028041469	0.06404042662019789	0.06291715263634771	0.0616903619637168	0.06038015287977951	0.05900468250474339	0.05757958096490622	0.05611768989610744	0.054629111142025365	0.05312151851098445	0.05160066174401854	0.05007097944801483	0.04853623686550198	0.04700011356470327	0.04546668282602324	0.04394074543155128	0.04242800243464165	0.04093507142943098	0.039469366749155375	0.03803887470578692	0.036651860151997284	0.03531654077169482	0.034040761605051796	0.032831695709178745	0.031695588941932994	0.030637558913130927	0.029661451198425726	0.028769750639052655	0.02796354226421428	0.027242515021915308	0.026605001737609626	0.026048049979644477	0.02556752014692548	0.02515820849181032	0.024813993480604635	0.024528003633581857	0.02429280379917974	0.024100594970421437	0.023943420694756645	0.023813371383009235	0.02370277687377137	0.023604377790173877	0.023511467653610344	0.023418000261608063	0.023318660146497538	0.023208897507743322	0.023084932284220927	0.022943734571210798	0.02278298986827153	0.022601057793177514	0.02239693163749933	0.022170204040287227	0.021921041324540053	0.021650166230082767	0.021358846286476385	0.021048883456549344	0.020722599441484624	0.02038281197696094	0.020032796971769764	0.019676235284449197	0.019317142434809594	0.018959783256732875	0.0186085746725188	0.018267981030490682	0.017942407183020193	0.01763609447782029	0.017353024338181654	0.01709683450929989	0.016870748616044724	0.016677519290593277	0.016519388144896473	0.016398057255724376	0.016314677398534354	0.016269847143176794	0.016263621035327667	0.01629552541405224	0.016364584775145855	0.016469358797799694	0.016607972841295143	0.016778150450726	0.016977254825209388	0.017202341078426987	0.017450207380155947	0.017717445775390837	0.018000496326811156	0.01829570150616268	0.01859935963267124	0.01890777639226433	0.01921731334660997	0.019524432453948377	0.019825735666426866	0.020117998469030157	0.020398195838554085	0.020663518971949308	0.02091138098445544	0.02113940992042987	0.021345436941089188	0.02152751016944149	0.021683944338629996	0.021813344253240486	0.021914600708601	0.021986917100630415	0.02202980589539846	0.022043048853661405	0.022026729148396085	0.021981341096049257	0.021907777155445635	0.02180724524070396	0.021681317268001644	0.021531951620342396	0.021361443536523184	0.021172368459332614	0.020967529603725388	0.020749920210031605	0.020522689272127304	0.02028905483543079	0.02005216073187132	0.01981497155221217	0.019580289416719864	0.019350890735131035	0.0191296182877778	0.01891931276565743	0.018722747553165223	0.01854261666214954	0.018381489423089117	0.01824175209690175	0.018125571798532678	0.01803488427939798	0.01797138286713124	0.017936487142053984	0.01793129342857866	0.01795652729675773	0.018012513255343376	0.018099161284649033	0.01821596479466708	0.018362008489995505	0.01853598637122465	0.01873622865341446	0.01896073552339361	0.019207215751713812	0.019473128410745152	0.019755726428756698	0.020052101555386153	0.02035923117717781	0.020674027670102107	0.02099339007627814	0.021314255964783476	0.021633649641959022	0.021948723180524904	0.022256789245401584	0.022555347297442657	0.022842105556218382	0.023115000413194777	0.023372213780164592	0.02361218741845389	0.023833632146527065	0.02403552984654256	0.024217127441198427	0.024377923634016533	0.024517650398219043	0.024636251755468092	0.02473386251564633	0.024810789578660713	0.02486749815202462	0.024904604690248282	0.024922877410441486	0.024923243922107704	0.024906804062469104	0.024874844838554126	0.024828853807757748	0.02477052740569959	0.024701771487351268	0.02462469239161942	0.024541577940134604	0.024454868795163637	0.024367121412710083	0.024280964350253547	0.024199049931969103	0.02412400334581084	0.024058371277044927	0.024004572224569486	0.0239648506378068	0.023941236829925435	0.023935514177840105	0.023949194418885673	0.023983501007654406	0.024039359672940394	0.02411739468575899	0.024217929040965147	0.024340986814745696	0.02448629634642967	0.024653293490497146	0.02484112484468931	0.025048651443511514	0.025274453808651978	0.025516839408737075
1.3089969389957472	1.2993736527071714e-7	2.058995025009506e-6	1.0244785631373285e-5	3.1582981051887985e-5	7.465324573219076e-5	0.00014878295160609628	0.0002630414089693818	0.00042528221628068875	0.0006413401803424906	0.000914464390408714	0.0012450347486509384	0.0016305710674682898	0.0020660074804015123	0.0025441754115223983	0.003056419282358622	0.003593262175335772	0.004145043499762823	0.004702465271608317	0.0052570046601763615	0.00580117415564923	0.00632863336106658	0.006834174963219707	0.007313619873465924	0.007763662017931632	0.008181702088764876	0.008565702943513031	0.008914089050054492	0.00922570045653575	0.009499800178650777	0.009736124263780987	0.009934957228605216	0.010097212601729312	0.010224498882774274	0.010319154800897465	0.010384243401336988	0.010423501097087175	0.010441244271367106	0.010442241339274854	0.010431561698031428	0.010414414407082087	0.01039598881605953	0.010381307106430178	0.010375095462467723	0.010381677063020255	0.010404886955664367	0.010448006641184787	0.010513715107561801	0.010604053093821843	0.010720398281146555	0.010863450497109283	0.011033227420525002	0.011229072267767906	0.011449675304386486	0.011693110564185363	0.011956888131070481	0.012238020811371875	0.012533102491456075	0.01283839418523722	0.013149913086946718	0.013463519683750045	0.013774999431203703	0.014080135582585312	0.014374772892000773	0.014654871911345041	0.014916557059874323	0.015156160634487442	0.01537026644681701	0.015555755801937604	0.01570985761348884	0.01583020298407868	0.01591488299225986	0.015962505530308663	0.01597224840042039	0.015943906413047024	0.015877923394704715	0.015775409646269174	0.015638136496010247	0.015468510401107327	0.01526952595101994	0.015044700343097907	0.014797986436504403	0.014533670127401227	0.014256277975039445	0.01397047642434221	0.013680969438879037	0.01339239798151072	0.013109254708230276	0.012835806226852833	0.012576026902571051	0.012333544446565476	0.01211159611227901	0.011912994567495479	0.011740102383469918	0.011594814167957476	0.011478545686210607	0.011392229834222611	0.01133631992080266	0.01131080107087449	0.011315210905933702	0.01134867071835448	0.01140992231143092	0.011497355549460358	0.011609031791528205	0.011742725166717677	0.011895949869749818	0.012065969187485606	0.012249854009510334	0.01244456354630489	0.01264696309373887	0.012853821161067465	0.013061888324201893	0.013267958295266917	0.01346885074224158	0.013661433677441943	0.013842673936097477	0.014009683619759234	0.014159763010593412	0.01429042746368321	0.014399436404243177	0.014484868593010854	0.014545220363821854	0.014579460770985167	0.01458700635788797	0.014567619304295154	0.014521341515448474	0.014448515516701038	0.014349788445016784	0.01422611214549382	0.014078772947694404	0.013909390016251555	0.013719875748451071	0.013512384928210676	0.013289270147634903	0.01305305399657049	0.012806414295418471	0.012552167968117494	0.012293244129546708	0.012032646276467857	0.011773406002029274	0.011518530626222961	0.011270947768559475	0.011033449882389778	0.010808641386927694	0.01059889083765588	0.010406290181029093	0.010232622287222989	0.010079336845686416	0.009947533736469063	0.009837952578836772	0.009750967586864877	0.009686587942071315	0.009644464720263405	0.009623904921054312	0.009623891470208451	0.009643106723336356	0.00967995717028466	0.009732598389629948	0.009798960818790638	0.009876777842665902	0.009963617804833076	0.010056921029641156	0.010154042200559205	0.010252297697024808	0.010349016830420527	0.010441595373970042	0.010527549340344845	0.010604566610193406	0.01067055381091067	0.010723675909593314	0.010762386424389814	0.01078544698237272	0.010791936027808521	0.01078124757057755	0.010753081716152064	0.01070742920740618	0.010644552343076161	0.010564964479485336	0.010469409921425135	0.010358845427308227	0.01023442389772719	0.010097480195746026	0.00994951852433188	0.009792200378471819	0.009627331812471352	0.009456848656410506	0.009282798424968415	0.009107318002142864	0.008932606721575477	0.008760895110317964	0.008594410208613746	0.008435338898313355	0.008285790968179536	0.00814776366240898	0.008023109211134137	0.007913506408419091	0.007820436808936801	0.007745165682659267	0.007688727576605048	0.0076519162007381465	0.0076352783457202
1.4398966328953218	0.04781777596104971	0.04750927731431776	0.047005645202245816	0.04632174631480516	0.045476844808284365	0.04449330095128947	0.04339513813008213	0.042206623756545776	0.04095099912343598	0.03964946646091505	0.03832050301389353	0.03697952795395342	0.03563890481101068	0.03430822564201872	0.0329947976161572	0.03170424031956958	0.030441102927375768	0.029209422584501887	0.028013165608391694	0.026856517500341057	0.02574401226488432	0.02468051284759407	0.023671070306454472	0.022720698540573746	0.021834104088070044	0.02101540768669113	0.02026788758380729	0.019593765840478467	0.018994049852282317	0.01846843340851644	0.018015255726494917	0.017631513373260816	0.01731291866552838	0.017053998480659187	0.01684822865881649	0.01668820052886689	0.016565816868109467	0.016472514373682294	0.01639950836186632	0.01633805312241492	0.01627970860766305	0.016216601558592832	0.01614166741766673	0.016048858988643236	0.01593330908848181	0.015791437402395605	0.015620996101186125	0.015421053947889765	0.015191923891832932	0.014935043774992746	0.014652823107021153	0.014348470514325432	0.014025816208737156	0.013689141945113717	0.01334302767755642	0.01299222025227408	0.012641525477748819	0.0122957214855796	0.01195948881869644	0.011637351645254599	0.011333624007936596	0.011052356969513316	0.010797283326904957	0.010571759838512626	0.010378707495868103	0.010220553376255223	0.010099177458320634	0.010015868407874882	0.009971291648913298	0.009965471995612494	0.009997791805977048	0.010067005600322228	0.010171268546777655	0.010308173497136731	0.010474799464094254	0.010667766131836348	0.010883294991622014	0.011117273674700718	0.011365323567985282	0.011622869831659098	0.0118852202914113	0.012147651292400865	0.012405477447713564	0.012654134117801587	0.012889264603555146	0.01310680595868273	0.013303067247210013	0.013474805587852126	0.013619292011782191	0.013734365727202375	0.013818475159062682	0.013870704130972371	0.013890782444103448	0.01387908083846968	0.01383659082885863	0.013764889993168957	0.013666093089426503	0.01354278958059226	0.013397968715331809	0.013234934020494743	0.013057215457677698	0.012868498065384572	0.012672568972652216	0.012473267123464504	0.012274448532239237	0.012079950414645031	0.011893501913973167	0.011718619106724712	0.011558567661112169	0.011416370015426799	0.011294756842241275	0.01119611927682547	0.011122509975561029	0.011075615057993121	0.011056714138103876	0.01106664892726259	0.011105802421644639	0.01117409899866209	0.011271007480201822	0.011395509872923646	0.011546059193809174	0.011720580937887073	0.01191655169276451	0.012131155817810086	0.012361419031964036	0.01260426329417307	0.012856545302325275	0.01311507665807933	0.013376626935351833	0.013637960590566755	0.013895900550773522	0.014147390120593883	0.014389543012831574	0.014619676002092815	0.014835324496812234	0.015034251183192293	0.01521445704669551	0.015374198121110016	0.015512008260905638	0.015626726126686665	0.015717523864661482	0.015783935726426567	0.015825884719853637	0.015843704489673954	0.015838153312437417	0.015810417689121753	0.01576210426588252	0.015695220207670096	0.0156121430732506	0.015515581230619127	0.015408525066705064	0.015294188741664197	0.01517594321675723	0.015057243516041513	0.01494155482736205	0.014832281702267714	0.014732702767858678	0.01464591150945097	0.014574762773105307	0.014521824533653901	0.014489334577806661	0.014479161865340573	0.014492772587638375	0.014531201300572496	0.014595027795566914	0.014684360568033022	0.014798827938163598	0.014937578071737137	0.015099289189604839	0.015282190976022623	0.015484097552152897	0.015702451493798054	0.015934377469949686	0.01617674337277884	0.016426226393511635	0.016679381346981575	0.016932708606166188	0.017182719254680682	0.017425995486417253	0.01765924483784679	0.017879347477837457	0.01808339645020706	0.01826873139460013	0.018432966768177093	0.018574015876064016	0.018690112061837474	0.018779828216580582	0.018842095357331796	0.018876220440351046	0.018881902881643185	0.01885924856706404	0.01880877958514796	0.018731437639888892	0.01862857917729874	0.01850196067798948	0.018353713232535315	0.018186306294735683	0.018002501284347897	0.017805296405771904	0.017597864607434982
1.5707963267948966	1.2993736527251947e-7	2.058327135009745e-6	1.0231468294874393e-5	3.149038873588375e-5	7.426306237607214e-5	0.00014756402600530656	0.00025992742389147717	0.00041840454575785383	0.0006277436151218989	0.0008898406187279927	0.0012035103636371335	0.0015645831258362726	0.001966290903597677	0.0023998742599272973	0.0028553201434724433	0.0033221347567681716	0.0037900629608321515	0.004249684268899596	0.004692841161561041	0.00511288360035964	0.005504739777018204	0.00586484375151023	0.006190963488675722	0.006481977197169857	0.006737642510849366	0.006958393722371806	0.00714518940983714	0.0072994189718999505	0.0074228641101135385	0.007517701879651207	0.007586530513723937	0.007632397963899913	0.007658815451046013	0.007669743260343409	0.007669542260826094	0.007662890906372327	0.0076546727146750175	0.0076498427191110255	0.007653282873297677	0.007669656006080781	0.00770326615468387	0.007757930621598142	0.007836866616411782	0.007942593453902113	0.008076850348118603	0.008240529949619253	0.008433628715865229	0.008655216568309365	0.00890342955387777	0.009175489893271818	0.009467757504000085	0.009775815681132678	0.010094591217703805	0.010418506185599476	0.010741655350827306	0.011058000331794472	0.011361569615615191	0.011646652774242741	0.011907977848870897	0.012140862463016858	0.01234133289356728	0.012506207393124165	0.012633144488591963	0.012720659634314268	0.012768115500196653	0.01277569234769542	0.012744344945819634	0.012675751438347621	0.012572258010150559	0.012436821313425139	0.012272948802625102	0.012084634055358909	0.011876286296913894	0.011652657125629143	0.011418754927963591	0.011179749205383503	0.010940865476776996	0.010707273691620294	0.01048397349077806	0.010275680884325398	0.010086714812569607	0.009920891485116136	0.009781452666532279	0.009670997274867381	0.009591427825224062	0.009543920309975666	0.009528912482647813	0.009546109007489036	0.0095945028793949	0.009672410414021096	0.009777517780011458	0.009906937346778241	0.010057272402828733	0.01022468919622969	0.010404995672403557	0.010593726805845041	0.010786237033013618	0.010977800527301329	0.011163719586020018	0.01133943991485166	0.01150066509068426	0.011643456169562326	0.011764317938809702	0.011860263221899725	0.011928842458167985	0.011968185832086692	0.011977071949028023	0.011954977696249232	0.011902063004746973	0.011819126443741638	0.011707569832773324	0.011569320782460353	0.011406744909611313	0.011222580336453953	0.011019876607070522	0.010801934111781542	0.010572239847036516	0.010334392960317011	0.010092046199285306	0.00984889345633124	0.009608666600406728	0.00937509325028014	0.00915178817655042	0.008942088129354259	0.00874892327704468	0.008574764613821206	0.008421612320294822	0.008291002565484545	0.008184010374630646	0.008101241963830235	0.008042829082030764	0.00800842874660111	0.007997230564738477	0.0080079793281288	0.00803901384236175	0.00808831462198116	0.008153554400740658	0.008232150213895952	0.008321317915362291	0.008418129278542161	0.008519570318965275	0.008622599043788872	0.008724201462742531	0.00882144538742576	0.0089115318302287	0.008991843698918714	0.00905999111188984	0.009113852276768728	0.009151608817546432	0.009171774971020412	0.009173221050034203	0.00915519219516808	0.009117322879571706	0.00905964618640606	0.008982595903073745	0.008886999803138321	0.008774063602902985	0.00864534608858509	0.00850272653262906	0.00834836591706991	0.008184663684325235	0.008014211616003542	0.00783974604380054	0.00766409915548897	0.007490149839037966	0.007320774305140843	0.007158796592785187	0.0070069390157690885	0.006867772722102451	0.006743668845937964	0.006636751177082953	0.006548851723917957	0.006481470842620092	0.006435743632823318	0.0064124140436724935	0.006411817684739357	0.006433873826131476	0.006478086614163071	0.0065435551924429404	0.006628992225425235	0.006732750247068306	0.006852855240641532	0.006987046826529723	0.007132824339405649	0.00728749789723569	0.007448243329068234	0.007612159595236932	0.007776327166900225	0.007937865778658303	0.008093990048720686	0.00824206167084023	0.008379637193538096	0.008504510767706648	0.008614751604006507	0.008708736178176649	0.008785175409679434	0.008843137087647808	0.008882063715814672	0.008901785706352156	0.008902529516068028
1.7016960206944713	0.03675206581110337	0.036443702201660606	0.03594113648086759	0.0352607633054673	0.034423988920218786	0.03345577343762495	0.03238301964891995	0.03123297184722452	0.030031775986093082	0.028803321873578275	0.027568444430288348	0.026344511369475267	0.025145376439675137	0.023981637235115056	0.022861109333023825	0.021789416532899036	0.020770600044413928	0.019807665121243625	0.018903007784398348	0.018058692095045795	0.01727657524232654	0.01655829971794861	0.015905186652586126	0.015318071151754173	0.014797119801970508	0.014341664129499873	0.013950074001252455	0.013619684173834983	0.013346777487822434	0.013126620982095355	0.0129535470909345	0.012821070950789826	0.012722035959691168	0.01264878203489	0.012593333374317242	0.012547604001616872	0.01250361938707171	0.012453750867481671	0.012390956760879897	0.012309020655089322	0.012202774194098548	0.012068289635552764	0.011903027163432242	0.011705923742572651	0.011477414136909737	0.011219380134489573	0.010935030287065987	0.010628718676468028	0.01030571646377202	0.009971953531294967	0.009633748939748154	0.009297548127037958	0.008969682015111542	0.008656159017615054	0.008362496129069709	0.008093590519206264	0.007853629087010183	0.0076460306782391825	0.007473414335954501	0.007337587235129363	0.007239546451656846	0.007179491570540671	0.007156846428684499	0.007170289808343437	0.007217796884801665	0.007296692671416222	0.007403718895735322	0.0075351144805885055	0.007686708538225624	0.007854023392558676	0.008032384011953936	0.008217031036120722	0.008403232319933044	0.008586383354699514	0.008762101470035404	0.008926310477693083	0.009075312590059684	0.009205848986020603	0.009315149335422745	0.009400971665458354	0.009461640399762541	0.009496078656405378	0.00950380994356981	0.00948496911636455	0.009440307363735021	0.009371179408476612	0.009279522198504775	0.009167817881598166	0.00903904350462085	0.008896607115817731	0.008744271066333702	0.0085860645291539	0.008426187940563393	0.008268912573907604	0.008118478555619674	0.007978994206159907	0.007854338818381275	0.007748070553039096	0.00766334123678552	0.007602820294968819	0.007568633749672884	0.007562326811180736	0.007584845332388442	0.007636541187382787	0.007717197767841341	0.007826030158643032	0.007961672431317526	0.008122184959262703	0.0083051006119513	0.008507481677226189	0.008725980326871182	0.008956939421808507	0.009196478688920146	0.00944057253030846	0.009685131723242842	0.00992608442661178	0.010159464066013035	0.010381507676849836	0.010588730677623073	0.010777945235574841	0.010946263662284503	0.01109113340925913	0.01121043603752078	0.011302639517617577	0.01136690970175847	0.011403146780377951	0.011411956797637643	0.011394599731625168	0.01135294450551929	0.011289404928962639	0.01120686017935229	0.01110858191749312	0.010998161945002992	0.010879424039044317	0.01075632052034163	0.010632826504882995	0.010512842512013268	0.010400108508764536	0.010298128427403144	0.010210105040765333	0.010138885887184423	0.01008691969774026	0.01005622173638687	0.010048346503513167	0.010064366867525916	0.010104859508781391	0.010169897353938839	0.010259050191451577	0.01037139462052285	0.010505533736409075	0.010659625720739347	0.010831419576284031	0.011018296443298983	0.011217316082174961	0.011425269053186143	0.011638735120928086	0.011854147788024565	0.0120678641576659	0.012276238597392637	0.012475697970037058	0.0126628158547683	0.012834383350690865	0.012987474480196699	0.013119504622031345	0.013228280779483787	0.013312042926232082	0.01336949620697085	0.013399834307153302	0.013402754668814701	0.01337846624558612	0.013327690081213343	0.013251652257565737	0.013152067978963415	0.013031115109665327	0.012891395614393413	0.012735884078112054	0.012567863598921883	0.012390850564825119	0.012208510869976324	0.012024570816708708	0.0118427262265268	0.01166655320371273	0.01149942368599389	0.011344428501549717	0.01120431019509128	0.011081407391527144	0.010977611920059993	0.010894339334710797	0.010832512880236567	0.010792560414841746	0.010774423345456028	0.010777576264203429	0.010801055688662192	0.010843496101760034	0.010903171373130667	0.010978039646039446	0.01106578991380146	0.011163888795362875	0.01126962644002942	0.011380161010420019
1.832595714594046	1.29937365274368e-7	2.057660974280921e-6	1.0218212292059734e-5	3.139846336838292e-5	7.387693155574108e-5	0.0001463623612128855	0.000256871150001203	0.0004116885701762806	0.0006145427097717592	0.0008660863174770292	0.0011637361590966272	0.0015018695672344576	0.001872331349854794	0.0022651678447855035	0.0026694833053463054	0.003074308906122057	0.003469385580876415	0.003845785338221264	0.004196326696085503	0.004515772837923294	0.004800830785796042	0.005049992264680077	0.005263269677354511	0.005441883284504622	0.005587949553508141	0.00570420820490019	0.005793809879119222	0.005860170694643899	0.005906886857397314	0.005937693595670275	0.005956448677570031	0.005967121285372857	0.005973770993464594	0.005980507526430079	0.005991428297802907	0.0060105361257705575	0.00604164312231568	0.006088268237800766	0.006153535516064841	0.006240078372144457	0.006349952945498242	0.006484561601961587	0.006644586562698357	0.006829933720743861	0.007039687895990597	0.007272082690586113	0.007524490132603504	0.007793436767522699	0.008074653199779546	0.008363162948176898	0.008653413822756029	0.00893945113037911	0.009215127414792747	0.009474338906556525	0.009711275015027662	0.00992066481893856	0.010098003877157884	0.010239745973956566	0.010343447442638968	0.010407855681776245	0.01043293933516929	0.010419860978318296	0.010370898426913213	0.01028932430604919	0.01017925386753015	0.010045472959404078	0.009893256273212692	0.00972818479266674	0.009555969128558372	0.00938228330684479	0.009212611702386533	0.009052108739611356	0.008905473057279947	0.008776843556407574	0.00866970784386764	0.00858682565657735	0.008530172769445477	0.00850090519421754	0.00849934598289708	0.008524995629534375	0.00857655941088621	0.008651995608988385	0.008748609480008456	0.008863146090620666	0.008991892684929682	0.009130797879231054	0.009275591381155352	0.009421905539362748	0.00956539123772072	0.009701825211717759	0.009827206677491079	0.0099378417657247	0.010030415284216781	0.010102050140044195	0.010150355443966828	0.010173465047611612	0.010170068954161615	0.01013943991161562	0.010081456035100007	0.009996617795559697	0.009886051758195076	0.009751490794259634	0.009595235099133577	0.009420081005864092	0.009229226011922395	0.009026205506697818	0.008814833612499202	0.00859912206088255	0.008383169556991692	0.00817104486928491	0.007966659865607352	0.007773622973987856	0.007595148088978197	0.007433987023450006	0.007292375196933893	0.00717199872352692	0.0070739709406328274	0.006998816418847576	0.006946490285086505	0.006916450608344363	0.006907737475888846	0.006919022778157445	0.006948611820822042	0.006994412989147322	0.007053946329641643	0.007124395832039451	0.007202699267177923	0.007285645893408829	0.0073699612716920685	0.007452401725869359	0.007529842090650717	0.007599342369527001	0.007658205923592426	0.007704040987462149	0.007734823476196526	0.007748952714129505	0.007745294790567774	0.007723211573302435	0.007682573853748712	0.007623756841408191	0.007547617650491012	0.007455456913203931	0.007348968236208768	0.007230179542726101	0.007101389970631197	0.006965105237930882	0.006823973416731008	0.006680722141493234	0.006538097730868313	0.006398806716059568	0.006265460673171911	0.0061405254636629	0.006026275502935587	0.005924752800274557	0.005837730075972297	0.005766677619554735	0.005712734312981655	0.005676683884345266	0.0056589377716697205	0.005659525955956447	0.005678096805819069	0.005713926476113025	0.005765937883695035	0.0058327288419167496	0.00591260856138964	0.006003641363682252	0.0061036960863913485	0.0062104993278208785	0.006321690485929926	0.006434876596560296	0.006547685316192102	0.006657814950155996	0.006763081012097903	0.00686145920898764	0.00695112486837324	0.007030488696994498	0.00709822851854212	0.007153316428686825	0.0071950407101586825	0.007223021865578852	0.007237222186698644	0.007237948322055513	0.007225846321820648	0.007201888679635578	0.007167353023305768	0.007123792362496291	0.00707299716453353	0.007016949947599743	0.0069577734976192795	0.0068976741910327	0.0068388822208744595	0.0067835907661558045	0.006733896293232239	0.006691742197705221	0.006658867854056276	0.006636764832717207	0.006626641606677177	0.006629397568885795	0.006645606689590872	0.006675510713152051
1.9634954084936207	0.03003071113461177	0.029722477626752137	0.029220937007650372	0.028543942195228388	0.02771492324892394	0.02676126130648712	0.025712487112303686	0.024598487072217456	0.02344788566988563	0.02228673821028297	0.021137618513265816	0.02001913050048203	0.018945819138187475	0.017928412422948372	0.016974297344099797	0.01608812145900845	0.015272417286047715	0.014528165950362293	0.013855244414017198	0.0132527314600066	0.012719075997331977	0.01225215306071314	0.011849245727614413	0.011506994644697557	0.01122135224603289	0.010987568570794895	0.010800222914335099	0.010653303321626029	0.010540326441650913	0.01045448479465041	0.01038880726681371	0.010336320901640004	0.010290206432342864	0.010243944882248415	0.010191456482274168	0.010127235098476623	0.010046480933068798	0.00994523170812958	0.009820488638872435	0.009670329340138617	0.009493996521903423	0.009291949847076536	0.00906586918239162	0.008818600707380842	0.008554042508614182	0.008276972540601779	0.00799282814315354	0.0077074516271418885	0.007426819932603063	0.007156777529022211	0.006902790479049888	0.006669736266268656	0.006461739236374935	0.006282056113121608	0.00613301097480433	0.006015974908166437	0.005931382867283546	0.005878779166617453	0.005856883393472869	0.0058636702585692585	0.005896458149837108	0.005952004663281755	0.006026608057628051	0.0061162145019482	0.0062165319320640145	0.0063231499535889605	0.006431664438018118	0.006537803919674986	0.00663755365065306	0.006727272272720732	0.006803795780846691	0.00686452544053207	0.006907495070866322	0.0069314080903639325	0.006935653403539515	0.006920299769290758	0.006886066614663319	0.006834276628719647	0.006766793699360236	0.006685949874080298	0.006594471300234272	0.006495400502056218	0.006391993732017665	0.006287634869365809	0.006185753019652909	0.006089734734609924	0.00600283838570042	0.005928110644962167	0.005868306585529034	0.00582581564715708	0.005802595750147449	0.0058001182687239805	0.005819326618409136	0.005860610862192875	0.005923799958709102	0.006008172006495844	0.006112481245634416	0.006234999306927835	0.006373567638291509	0.006525658201936689	0.006688443184963912	0.006858876430892421	0.007033776280949998	0.007209918506095373	0.007384141054456387	0.0075534147022048095	0.00771488940931202	0.007865933803278546	0.008004180820923218	0.008127560935128897	0.008234357137109483	0.008323299601606183	0.008393597843366563	0.008444948977108922	0.008477542096876454	0.008492046254089114	0.008489593372254719	0.00847175683139473	0.008440492665572607	0.008398025808275767	0.008346738572633855	0.008289097294511272	0.008227632972407731	0.008164964121850934	0.008103791829056246	0.008046859937500041	0.007996873893255563	0.00795639870277682	0.007927765232656939	0.007912984838278578	0.007913689691135381	0.007931097300265264	0.007965984813505125	0.008018666358843981	0.008088976919280823	0.00817626930679465	0.008279425752256235	0.008396882976953995	0.008526670752931299	0.008666464010980472	0.008813647216149178	0.008965388742400273	0.009118722412775443	0.009270632986450778	0.009418142214244866	0.0095583921811707	0.009688723007212335	0.009806742486355907	0.009910385681788323	0.00999796263878809	0.01006819233433222	0.010120221361599983	0.010153627158602133	0.010168407384208145	0.010164958263717827	0.010144044883310404	0.010106765837171487	0.010054513898078323	0.009988933856360243	0.009911878327448748	0.009825361998116284	0.009731514510479764	0.009632532122888478	0.009530628452446665	0.00942798491437004	0.009326701873173662	0.00922875195589092	0.009135937323615213	0.009049852774014223	0.008971856223798808	0.00890304742241828	0.008844254874329346	0.008796030181394021	0.00875864859428767	0.008732114556132207	0.00871617132505784	0.008710314167252767	0.0087138069313469	0.008725701964468298	0.00874486333575646	0.008769993274752268	0.008799661672172589	0.00883233843722818	0.008866428432912804	0.008900308603291369	0.008932366780079913	0.008961041537825308	0.008984862369072175	0.009002489354370933	0.00901275136823834	0.009014681659457008	0.009007549378360659	0.008990885356984182	0.00896450028913937	0.008928493524014546	0.008883251053772386	0.008829431938956526	0.008767943289898954	0.008699904869528962	0.008626605251774873
2.0943951023931953	1.2993736527606906e-7	2.057041767820985e-6	1.0205914857265161e-5	3.131340231327227e-5	7.352075480642323e-5	0.0001452580652809095	0.00025407479307010993	0.00040557457091920136	0.0006025933950302687	0.0008447214743724248	0.00112821728972402	0.0014463064050798252	0.001789806151189513	0.0021479780572518903	0.002509487948560264	0.0028633508722477954	0.003199753099587316	0.0035106722448672648	0.0037902530817512676	0.004034934351973455	0.004243354749126645	0.004416089872897993	0.004555283974735788	0.004664240713095038	0.0047470278362524146	0.0048081349955452	0.004852205607218965	0.004883846451931505	0.004907505302523431	0.004927398852734326	0.00494747082232986	0.004971362450063025	0.005002383013430942	0.005043474601476437	0.005097171340182814	0.005165557358874243	0.0052502294102933144	0.005352269339654513	0.005472229225323855	0.005610128992330095	0.005765463672977221	0.005937216080747955	0.0061238708973298354	0.006323427999837129	0.006533415793484599	0.006750908589998866	0.00697255480094403	0.007194624123774277	0.007413081487264811	0.007623693177893844	0.007822166589030021	0.008004320042495116	0.008166273989567771	0.008304650525201218	0.008416765241674605	0.008500794596194182	0.008555903274015739	0.008582319316763285	0.00858134957998091	0.008555333306209707	0.008507538201878852	0.008442006360947734	0.008363362467186499	0.008276598410618624	0.008186848380165784	0.008099167753263067	0.008018327108701984	0.007948629906293993	0.007893759613974415	0.007856659489154183	0.007839446127384393	0.007843354605599845	0.007868714800230546	0.007914965339140162	0.007980691713118692	0.008063688575757655	0.008161048696892456	0.008269274373752784	0.008384408148044002	0.00850217964115861	0.008618155593577958	0.008727893726234105	0.008827124524586831	0.00891190461829256	0.008978750863453096	0.009024758975522748	0.00904769986852079	0.009046084162348039	0.009019195863869362	0.008967094168379746	0.008890584741702586	0.008791163756794998	0.008670939153292754	0.008532534499574437	0.00837898140892776	0.008213606819379297	0.008039921476052451	0.007861514978870757	0.007681960731611796	0.007504731831410191	0.007333123889944497	0.007170178902037812	0.00701861901526095	0.006880779432359071	0.006758532392106116	0.006653246296570357	0.006565783869854573	0.006496519190855594	0.006445349553462623	0.006411723308610164	0.006394656838484991	0.006392720484993395	0.0064040845474872266	0.006426596805973802	0.006457859868556359	0.006495312820366331	0.006536311011028052	0.006578198119319856	0.006618398784263009	0.0066545466608415186	0.006684590462725727	0.0067068482269899725	0.006720004567468743	0.006723063748961197	0.006715318652994302	0.006696321943740628	0.006665871355621977	0.006624030211152543	0.0065711489721319875	0.006507864582803354	0.0064350796036401784	0.006353933464290982	0.006265772281435967	0.006172120265575161	0.006074649030799974	0.0059751401170279874	0.005875441557976307	0.0057774204420442616	0.005682911872804036	0.00559366563777008	0.005511293470136576	0.005437220027097807	0.005372640331990093	0.00531848597214653	0.005275401670071569	0.005243732994403294	0.005223525149643146	0.005214532136282676	0.005216235221755887	0.005227869668768342	0.005248458875048718	0.005276855041850301	0.005311784907997837	0.005351898334311606	0.005395817214283452	0.005442182364221446	0.005489696398807759	0.005537161020495677	0.005583507636768923	0.0056278206981351135	0.0056693535839263225	0.005707537260128562	0.005741982285060267	0.005772474994947519	0.005798968796224463	0.005821571410741571	0.005840528738212291	0.005856205837143489	0.005869065479650419	0.00587964484544055	0.0058885311571970885	0.005896337334443609	0.005903678924192718	0.005911153531390058	0.005919323680714635	0.0059287035709785765	0.005939749680914056	0.005952854781898325	0.00596834467224048	0.00598647686893276	0.006007440549067707	0.006031357190969539	0.006058281577534478	0.00608820302692759	0.006121046848632797	0.006156676059488543	0.006194893351961616	0.006235443235184231	0.006278014229627229	0.006322241039318117	0.006367706771214167	0.006413945498697488	0.006460445717640077	0.0065066554418748744	0.006551989755684894	0.006595841534527118	0.006637595754085695	0.006676647371198247	0.006712422251786316	0.006744400124794425
2.2252947962927703	0.025795913614693175	0.02548779647332046	0.024987170798007607	0.02431318223097721	0.023491037649737475	0.022550214023562384	0.02152247182433321	0.020439875290108978	0.01933300568859491	0.018229514552998875	0.017153108873746294	0.01612299866500279	0.01515377879359904	0.014255669801446156	0.013435012431484206	0.012694900094595873	0.012035841545062535	0.011456368580957865	0.010953534737434724	0.0105232841108163	0.010160698644975335	0.00986015303612957	0.009615416674332761	0.009419741853591143	0.009265968921809357	0.009146665457691895	0.009054301738100332	0.00898145209576569	0.008921003649892942	0.00886635135628268	0.0088115610385455	0.008751488600854868	0.008681851923558422	0.008599259842012506	0.008501208325271207	0.008386056448176351	0.008252993800369464	0.008102007221600087	0.007933849401879361	0.007750006403253756	0.007552656924679462	0.007344614135792196	0.0071292415763352995	0.006910337764863741	0.006691989064563998	0.006478395949114048	0.0062736829388565715	0.006081706117488373	0.005905873617343114	0.005748993552951282	0.005613160821548412	0.005499689620253072	0.0054090932815598	0.005341108021714444	0.005294753237004709	0.005268418568327271	0.005259967286295114	0.005266846493734348	0.005286196747776087	0.005314956726937857	0.005349960317948253	0.0053880275332798	0.005426050259574708	0.005461074912414696	0.0054903833178253795	0.0055115720179511165	0.005522628225920752	0.005521999351334829	0.00550865183831059	0.005482114621558971	0.00544250284260946	0.005390520101329948	0.0053274368382310216	0.005255037886854789	0.005175551763941951	0.005091563274123054	0.0050059114896260646	0.004921579865572898	0.004841584569444312	0.004768865932565502	0.004706193571127649	0.0046560830824232706	0.004620704275481262	0.004601819543999371	0.004600739801301062	0.00461829181435582	0.004654795291609549	0.004710054725244242	0.004783364187656388	0.004873525319902063	0.004978879261501329	0.005097352991414015	0.005226520224613813	0.005363676300206375	0.005505925401509552	0.0056502769782298444	0.005793746610498849	0.005933455489699511	0.006066722602824075	0.006191144562645347	0.006304663140184061	0.006405624888456567	0.006492822733314825	0.006565525535640659	0.006623515896221176	0.006667097963854133	0.006697046943695748	0.006714527994186879	0.006721026377631965	0.00671827040689029	0.006708178766076318	0.006692858349623202	0.006674554172553739	0.006655562886816038	0.006638151742923867	0.0066244862673619275	0.006616565998775155	0.006616172909346814	0.006624801568499649	0.006643555620574113	0.0066730713048523205	0.006713497498536951	0.006764534087131892	0.00682551547096581	0.006895476435879713	0.006973222303489432	0.0070573974499735246	0.007146511158339493	0.007238957943408809	0.007333061574985714	0.007427129261553152	0.007519505213244917	0.007608619329107054	0.00769302527887632	0.007771430176341801	0.00784271959161705	0.007905976142047962	0.007960490300272153	0.008005765461237352	0.008041519740370066	0.008067685662534964	0.00808440772945567	0.008092037101717691	0.008091122205106873	0.00808239403644941	0.008066745334620663	0.008045203452494593	0.008018897490039022	0.00798902078978019	0.007956790083606979	0.007923402525568037	0.00788999200030859	0.007857586705667408	0.007827070573568294	0.007799151036628358	0.007774335171461963	0.007752915741741302	0.007734967988692329	0.0077203570592434545	0.007708755066825646	0.007699666278075703	0.007692458732783539	0.007686400489075977	0.007680698585927521	0.007674538843975944	0.00766712483262967	0.007657714624982599	0.007645654217237036	0.007630406640701624	0.00761157583209951	0.0075889242767838575	0.007562383377943984	0.007532055575177671	0.007498207580203437	0.007461254750459865	0.007421737462085431	0.007380291158154104	0.007337612337194482	0.007294423000254583	0.00725143598142802	0.0072093232108412135	0.007168688411288554	0.007130045144690206	0.007093800628190344	0.007060245406658237	0.007029548798808368	0.00700175996714026	0.006976814411425056	0.006954545576152236	0.006934701053135619	0.006916962555023321	0.006900968479705137	0.006886337553871046	0.006872691819904662	0.0068596771880255715	0.006846979960641126	0.006834338147003492	0.006821546967798267	0.006808458604859441	0.006794976874945021
2.356194490192345	1.2993736527748625e-7	2.056511241551611e-6	1.0195397294985378e-5	3.124082007555337e-5	7.321769573991448e-5	0.00014432165917548797	0.0002517130444892794	0.0004004345757460072	0.0005926003553145907	0.0008269600480145739	0.0010988847071787856	0.0014007591846025996	0.0017227104120774162	0.0020535594083801838	0.0023818631290000087	0.002696912054852108	0.0029895688152235967	0.003252867172085942	0.0034823324171491953	0.0036760261573017482	0.003834353922413663	0.003959698275841323	0.004055950941238032	0.004128015304539494	0.004181338136137109	0.004221510548857308	0.0042539575615322955	0.004283717210857798	0.004315296815549624	0.0043525870798080835	0.0043988140159646845	0.004456512718480454	0.004527513659436654	0.004612939090456659	0.004713212411360894	0.004828085842171694	0.004956691154816269	0.005097615153745559	0.005248997188291364	0.005408641612065719	0.005574135026694258	0.005742957195590203	0.005912575945664178	0.006080519855116189	0.0062444272383290434	0.006402074813225466	0.006551393387723447	0.0066904800854467915	0.006817616601364126	0.006931300771873112	0.007030294854335389	0.007113689123982865	0.007180974724227035	0.007232116021175756	0.007267610727868323	0.0072885261200132745	0.007296501744542161	0.007293712713362967	0.007282792373596432	0.0072667176787587105	0.007248666122894383	0.0072318539158432345	0.007219369036241469	0.0072140116084467645	0.007218152788424834	0.007233620669949801	0.007261618805704472	0.0073026795128621124	0.007356651276306758	0.007422717339497828	0.007499441163473547	0.007584831930281109	0.0076764259648198045	0.007771388681786895	0.007866620823644865	0.007958869386598467	0.00804484338642221	0.008121331574700845	0.008185319426613352	0.008234102465008308	0.008265383823460192	0.008277359148674458	0.008268815286269797	0.008239185417338852	0.008188575529512718	0.008117766190047074	0.00802818889600027	0.007921872837136395	0.007801363715540897	0.007669619523490376	0.0075298885494171465	0.007385576082139386	0.00724010695880967	0.0070967911537778774	0.006958699222492619	0.006828553785353585	0.0067086423733478595	0.0066007554426495635	0.006506151352324452	0.006425548056919608	0.00635913539368334	0.0063065965623378545	0.006267143545040279	0.0062395632797306415	0.006222252118366099	0.00621326811045896	0.006210435835168202	0.006211471465394687	0.006214083999559169	0.006216078744552575	0.006215433188160848	0.006210303585650267	0.006199053466752536	0.006180315036528015	0.006153044337859158	0.006116554807548902	0.006070528197984291	0.006015004235415504	0.005950383984708406	0.0058774643424320365	0.005797443077292848	0.0057118646555015485	0.005622512316288761	0.005531272880204437	0.005440041038344529	0.005350631330619513	0.005264693370758604	0.005183679866579368	0.005108837960020999	0.005041196870926268	0.004981556642921913	0.004930479470612475	0.004888287696015804	0.004855071426564018	0.004830701946171451	0.004814847916234288	0.004806996289073954	0.004806479165035038	0.0048125048014583385	0.004824190110256261	0.004840592585724402	0.004860740617478087	0.004883661886494683	0.004908409821369465	0.004934088148997395	0.004959873532551409	0.004985036138800456	0.005008957757727598	0.005031146950091291	0.005051250774275923	0.005069062881082678	0.005084527787441105	0.005097740724146362	0.005108942075305486	0.005118505688830983	0.005126921012851942	0.005134769528212382	0.005142696302712506	0.005151377937879299	0.005161488601381316	0.005173665991847678	0.0051884789807708906	0.005206398487320018	0.005227772921836227	0.00525280921851978	0.0052815600631982915	0.005313917518441784	0.00534961296284072	0.005388223118737987	0.005429181926008858	0.005471798103697659	0.005515278352369437	0.005558756139349197	0.005601325727105678	0.00564208052052211	0.005680154053640609	0.005714761241018934	0.005745237107150873	0.005771070218649993	0.005791928489396488	0.005807675789799237	0.005818378669547676	0.005824303305291601	0.005825903388626632	0.005823800043592984	0.005818755043289002	0.005811638652677117	0.0058033934333131115	0.005794995362831504	0.005787413676861082	0.005781570931359981	0.005778304879955894	0.0057783338197545464	0.005782227035215813	0.005790381827682821	0.005803008340744396	0.005820122987960301	0.005841550796898655	0.005866936456483489	0.005895763346058308
2.4870941840919194	0.023130013253128332	0.022821990928694424	0.022322109401701973	0.021650559514471455	0.0208339725809352	0.01990348472678064	0.01889258937800511	0.01783499743508004	0.016762706605228665	0.01570443829351761	0.014684540423404882	0.01372238780407308	0.012832248743961596	0.012023536585184761	0.011301333810704048	0.010667066694773441	0.010119218623573064	0.009653995497964484	0.009265890307511522	0.008948128721113802	0.008693006904398332	0.008492152233603686	0.008336745189475083	0.008217737160063531	0.008126086975351126	0.008053022845847373	0.007990320369039077	0.007930575127141407	0.007867442500553256	0.007795818362753219	0.007711941396663873	0.0076134087639527885	0.00749910904727736	0.007369087104188081	0.0072243626712736216	0.007066727170656707	0.006898541221971133	0.0067225498305282785	0.006541724717500106	0.006359135604538255	0.006177846086960694	0.00600082612540983	0.005830872559639017	0.005670531099426106	0.005522017121469286	0.005387137124236621	0.005267216672153307	0.005163043129301252	0.005074831895450945	0.005002223161930203	0.004944312802905513	0.004899716687080669	0.004866663277262702	0.004843105803014205	0.004826843146661199	0.004815638217951238	0.00480732395531154	0.004799889828207751	0.0047915452047107765	0.004780759854605121	0.004766283815389413	0.004747153132614121	0.004722686333136808	0.004692477467892994	0.004656389794339835	0.004614551926469237	0.004567356166671509	0.004515456757883467	0.004459764551997794	0.0044014341756035535	0.004341840272058347	0.004282542141879643	0.004225235725527043	0.0041716875951824444	0.004123664250815747	0.0040828584283219595	0.004050816101787209	0.00402886966310765	0.0040180816985765306	0.00401920275373577	0.004032650768314623	0.004058507126374552	0.004096506099758049	0.004146053951130671	0.004206259901145455	0.004275970792895116	0.004353809833987674	0.004438217528254911	0.004527495523379519	0.00461985276834354	0.0047134542724885506	0.004806473029037569	0.004897145267706823	0.004983828454579076	0.005065060384756432	0.005139616366959558	0.0052065601251563036	0.005265283366625993	0.005315529362092675	0.005357397359771666	0.0053913310480014805	0.005418101805207926	0.005438782650338416	0.00545470856232752	0.0054674407107075515	0.005478714897421807	0.005490343497871373	0.005504101834015503	0.005521641309273136	0.0055444061819928635	0.00557357910527308	0.0056100959864824815	0.0056546490624208474	0.005707660477361856	0.0057692551795484005	0.005839250539573328	0.005917168884827509	0.006002267723985047	0.006093550126419431	0.006189733376227178	0.0062892355255757225	0.006390219634314225	0.006490699060733519	0.006588674035565519	0.0066822232950871805	0.006769591841092905	0.006849293850342608	0.006920164776667744	0.00698137262651638	0.007032417438394997	0.007073127123589608	0.007103649114405738	0.007124428622463977	0.0071361712539722115	0.0071397968325800365	0.0071363892259679014	0.007127141304333305	0.007113295849998046	0.007096087327261952	0.007076689885167124	0.007056174995341331	0.007035479863152189	0.007015386117827139	0.006996507485466083	0.006979284911653321	0.006963987665916794	0.006950719233405688	0.006939427178255926	0.006929916439582034	0.006921865492585327	0.006914844570854096	0.006908335210384412	0.0069017510541464384	0.006894460545150275	0.006885811989172128	0.006875160677128151	0.006861897166667384	0.006845475681961737	0.006825441570992327	0.006801456668944863	0.006773321309396624	0.006740991665028954	0.00670459111207341	0.006664414460894819	0.006620924264423453	0.006574738995943008	0.006526613534441062	0.006477412945318922	0.006428080908033731	0.006379604292113271	0.006332975327615468	0.006289152634073355	0.006249022222617944	0.006213359625116399	0.006182794563776934	0.006157779928399232	0.006138567070815734	0.006125189381466699	0.0061174557042175766	0.006114954419000729	0.006117068132464722	0.0061229980650135745	0.006131796571247863	0.006142405852446307	0.00615370079698016	0.006164533946195108	0.006173780745137476	0.0061803834280808505	0.0061833920584958455	0.006182001365884212	0.0061755820979056625	0.006163705662247848	0.006146160915365662	0.006122962118125783	0.006094347367337911	0.006060767250358076	0.006022864043490073	0.00598144242597667	0.00593743331718807	0.005891852961763155
2.6179938779914944	1.299373652786506e-7	2.05610490523138e-6	1.0187353497902644e-5	3.1185414591364996e-5	7.298689966315294e-5	0.0001436105467352133	0.00024992546649041337	0.00039655910688107934	0.0005850988428740449	0.0008136933570081589	0.0010770978569738948	0.001367141302000054	0.0016735349292554332	0.0019848984669262703	0.002289859226526042	0.002578081461397089	0.0028411065666292938	0.003072923144929289	0.0032702319007239197	0.00343241551306411	0.0035612608996680277	0.003660505689106891	0.0037352902244784845	0.0037915919021837357	0.0038357033503954303	0.0038737945585539716	0.003911576602694662	0.003954065401858935	0.00400543087754216	0.004068911065935208	0.004146771518799119	0.004240295781356173	0.00434980023959408	0.00447467358517456	0.004613445555271532	0.0047638904401461945	0.004923168159895257	0.00508800046138718	0.0052548735246248516	0.005420252691804809	0.005580791574068021	0.00573351731062436	0.005875976390865724	0.006006330649367322	0.0061233997321864615	0.006226653196245646	0.006316161170697751	0.006392516225775697	0.00645674028239016	0.00651018911115549	0.006554463757092846	0.006591333902823412	0.006622673814823652	0.006650407906799588	0.006676460823106546	0.006702706550945147	0.006730912330163597	0.0067626756280728464	0.0067993555766386665	0.006842002899437365	0.006891296007157298	0.0069474890546329	0.0070103807478964835	0.007079308825585666	0.007153172929430577	0.007230485695269229	0.0073094483105770386	0.0073880443258044605	0.007464143730509874	0.007535608747304329	0.0076003933631497884	0.007656628120932263	0.007702686473930381	0.007737240328707782	0.007759291738101031	0.0077681863469251525	0.0077636139999503	0.0077455996792287944	0.007714488202093428	0.007670924796802155	0.007615824393299477	0.007550337582602702	0.007475842666156096	0.007393907128696568	0.0073062409199664185	0.007214649109905515	0.007120976165851704	0.007027045741182126	0.006934597073488474	0.006845220991746007	0.006760299583906121	0.006680953417111646	0.006607999821246573	0.0065419250283036	0.006482872050702968	0.006430645368277091	0.0063847329126683165	0.006344345096726939	0.00630846958648084	0.006275939034395113	0.006245502031826287	0.006215877643430466	0.006185791543916643	0.006154010515593563	0.006119373833021271	0.006080828841054004	0.0060374895996500935	0.005988697285530421	0.005934049862399274	0.005873431254328699	0.0058070142252838	0.005735190690309553	0.00565851625441826	0.005577690888060797	0.005493548686823331	0.005407039603312312	0.0053191943742094405	0.005231078402637943	0.005143771545746452	0.005058393474187064	0.004976116759566415	0.004898129580405487	0.004825549362597859	0.00475932648101657	0.0047002091113509245	0.004648720964952296	0.004605122182427105	0.004569409610991663	0.004541355206274624	0.0045205496632062395	0.004506436413014121	0.004498340721376389	0.004495501957007656	0.004497109620990847	0.004502337535184898	0.004510373955781441	0.004520450786908742	0.004531873184673262	0.004544046491851843	0.004556496640943551	0.004568881945628686	0.004580995956608317	0.00459276216230634	0.00460422199538124	0.004615517921997122	0.0046268733589258084	0.004638570862258186	0.0046509296165117365	0.00466428296908289	0.004678956809045999	0.004695249872969805	0.004713417054810908	0.004733656135484533	0.004756097531113636	0.004780796548210718	0.004807728207253218	0.004836785129504982	0.004867778818428928	0.004900444183562767	0.00493444677507674	0.00496939206614849	0.005004836190559368	0.005040297737243297	0.005075270415845452	0.005109236507086266	0.005141680945039817	0.005172105726745908	0.005200044246137579	0.005225075187699726	0.005246835787586481	0.005265034508287878	0.005279463356575448	0.005290010052135881	0.005296669926539074	0.005299556851313648	0.005298911871374309	0.005295107816192816	0.005288648156547123	0.005280158810191834	0.005270372378995652	0.0052601052281116	0.005250228668807586	0.005241636101959726	0.00523520823847759	0.005231778457217742	0.005232100077916776	0.005236816925294774	0.005246438139437842	0.00526131782151274	0.005281639838751315	0.0053074079626231506	0.005338441462533303	0.005374376284986993	0.005414671966158295	0.005458624408357419	0.005505384563446864	0.005553982889584264	0.005603359179168272	0.005652397011459112	0.00569996169929898
2.748893571891069	0.021553699420547006	0.021245744035521697	0.020746387127562396	0.02007655302188466	0.019263866015901025	0.01834060733550397	0.01734144870499269	0.01630119506552258	0.015252749418433709	0.014225466718722138	0.013243999897351458	0.012327670443424305	0.011490329800561862	0.010740625708642842	0.010082555898120122	0.009516182473886586	0.00903839203381595	0.008643613783538678	0.008324443282483919	0.008072155148487945	0.007877117273122826	0.007729137306151519	0.007617777660206664	0.0075326692124591975	0.0074638396398362785	0.007402054591969577	0.007339153494249875	0.007268350600971778	0.007184468283931791	0.0070840738222129815	0.006965501751570934	0.006828758457143677	0.006675320910114774	0.006507854205907081	0.006329880617979181	0.0061454351830881266	0.0059587395918855	0.005773918651532255	0.005594773763519249	0.005424617851651964	0.00526616783474686	0.005121485294155532	0.0049919538779107115	0.004878282880507311	0.004780529425463719	0.004698135529088104	0.004629979819508383	0.004574445869725622	0.004529509472261413	0.00449284573759002	0.004461954080075623	0.004434295760386735	0.004407435470151701	0.004379176352318115	0.004347677302922136	0.004311542618273197	0.004269876853503105	0.00422230165489002	0.004168935623314608	0.004110342571535607	0.00404745543893039	0.00398148732415151	0.003913838189438089	0.003846006723584067	0.003779513699768205	0.0037158401709862375	0.003656381130476446	0.0036024126768562435	0.0035550691533576353	0.0035153261501134885	0.0034839856967174058	0.003461662590897104	0.0034487706647034454	0.003445503449485992	0.003451820828363991	0.003467442771904132	0.003491851515936752	0.0035243052192927156	0.0035638642661257602	0.003609429800908097	0.0036597982043269812	0.0037137227812420754	0.0037699567300018932	0.003827311362485451	0.0038847081873520117	0.003941215451396924	0.003996073873422974	0.004048709647418473	0.004098735634761253	0.004145943838369867	0.00419029213191827	0.004231888304267886	0.004270974075726603	0.0043079108321457645	0.004343167588763905	0.004377310229969824	0.004410989581592286	0.004444925020845076	0.004479880519396113	0.004516631346828006	0.00455592645844304	0.004598462757984032	0.004644875438899975	0.0046957267784830435	0.004751485068215949	0.004812494183731178	0.004878931223038412	0.004950766445929532	0.005027751161169319	0.005109408532466248	0.005195047613915267	0.005283844534901524	0.00537491230532049	0.0054673367589735955	0.005560201874390397	0.0056526145653743596	0.00574373460283736	0.005832808007306844	0.005919167044305908	0.006002172277273707	0.006081157332780963	0.006155426270037981	0.006224313321904499	0.006287266425143313	0.006343871343187673	0.006393869045710091	0.006437202012605783	0.00647401991623587	0.006504638949022875	0.0065294967509496385	0.006549119939365644	0.006564094354245345	0.006575030664273108	0.006582527062882944	0.006587137023087716	0.0065893455377521075	0.006589550182050579	0.00658804511860336	0.0065850110702846	0.006580514811586291	0.0065745190357518295	0.0065669011051901925	0.006557478055706253	0.006546034755133001	0.0065323521071011725	0.006516232678807579	0.006497522025932391	0.006476124999491332	0.00645201704810834	0.006425250693850322	0.0063959571266093765	0.006364342894051599	0.006330682413735408	0.006295307924665164	0.00625859853097067	0.006220969175936282	0.006182859648516823	0.006144723607222752	0.006107017813428345	0.006070191849228477	0.0060346784847563105	0.006000884698012334	0.005969183211940693	0.005939904343868332	0.005913328047997505	0.005889676299002368	0.005869106294384584	0.005851705155767451	0.005837486756569914	0.0058263909814850676	0.005818285221136358	0.00581296740201842	0.005810169578169878	0.005809561240420101	0.005810752020360615	0.005813294168030257	0.005816685779603325	0.005820376035141179	0.005823773605959534	0.005826258958464766	0.0058272006515314055	0.005825975068135515	0.0058219884902668455	0.005814700107802246	0.0058036444630753135	0.005788451937467308	0.005768866125093087	0.005744757246463203	0.005716131070440229	0.005683133087196518	0.005646047882239329	0.005605293802598547	0.005561413103153529	0.005515057845274094	0.0054669719182251775	0.005417969678084116	0.005368911844198424	0.005320679442238091	0.005274146712021112	0.00523015398189517
2.8797932657906435	1.299373652793552e-7	2.055849805278919e-6	1.0182308783292011e-5	3.115071355906947e-5	7.28425917687453e-5	0.00014316681225302189	0.0002488126684941629	0.00039415321731429737	0.000580456654359928	0.0008055130771787758	0.0010637188142596733	0.0013465918159767064	0.0016436307152329814	0.0019433864437816367	0.0022345946165263217	0.00250722082859112	0.002753296797905291	0.0029674666847167197	0.0031472115990320636	0.0032927675436012094	0.0034067903388609595	0.003493845413778987	0.003559808819317102	0.0036112596250299305	0.0036549266670963475	0.0036972295408124333	0.003743930127664479	0.0037998913198184253	0.003868926827179386	0.003953720933290038	0.0040557988732596705	0.00417553486145862	0.004312192792465615	0.004464001494639319	0.004628270097247791	0.004801548661709263	0.004979834994564793	0.005158821753945989	0.0053341704097670875	0.005501792240582194	0.005658112908228278	0.005800297128271704	0.005926413614151878	0.006035527118899843	0.006127712776553711	0.00620399656060627	0.0062662331012719764	0.006316937265673668	0.006359088251015457	0.006395924487424689	0.006430744925889634	0.006466728105527121	0.006506775848393591	0.006553384295575652	0.006608542050122737	0.00667365368442099	0.006749486768288804	0.006836141514174	0.0069330435859374755	0.007038961506478096	0.00715205227920995	0.007269934941388803	0.007389794664851394	0.007508513989556373	0.0076228265292882695	0.007729484974064646	0.007825432813221773	0.007907967812263507	0.00797488521189778	0.008024590000495558	0.008056170261597368	0.008069425028551293	0.008064846722452446	0.008043571915999179	0.008007293093460143	0.007958142723512399	0.007898563695481847	0.007831174950146949	0.0077586411165227855	0.007683553357795441	0.007608317711722154	0.007535061704719074	0.007465590261907739	0.007401333276862251	0.00734331068609191	0.007292120032635283	0.007247937605608364	0.00721053276094958	0.0071792956054933564	0.007153276868141961	0.007131239143558865	0.007111718390123307	0.007093093876915531	0.0070736640731981085	0.007051725452836911	0.007025651150516304	0.006993966984331269	0.006955422948422776	0.006909058354736396	0.006854258120808944	0.006790790325784158	0.006718800933924945	0.006638758497012308	0.006551386646166022	0.006457620655655198	0.006358577784489633	0.006255524145851986	0.0061498367941351965	0.0060429487960893475	0.005936308745432478	0.005831330796758019	0.005729288418648109	0.005631242670085665	0.005538022942357891	0.005450224053909855	0.005368209605984705	0.0052921174562725925	0.0052218654030156955	0.00515718944819643	0.005097734708087945	0.00504314062702372	0.004993077434652648	0.004947228099486218	0.004905249288389722	0.004866785305426308	0.004831486265773813	0.004798996181027352	0.004768966704743623	0.004741094039844909	0.004715145823536596	0.004690970165530142	0.004668496968944902	0.004647738853726398	0.00462879085586022	0.004611823132416481	0.004597065922018335	0.004584792238197255	0.004575301854840959	0.004568905648771264	0.004565908196586348	0.004566587879376125	0.0045711752983637575	0.00457983166441109	0.004592629117295701	0.0046095348605049045	0.004630400599788541	0.004654958094310395	0.0046828208752399654	0.004713491686005878	0.004746375179679126	0.004780795722365	0.004816020228437026	0.004851285352674958	0.004885827436810528	0.004918913106492512	0.004949868486535758	0.004978105234029525	0.005003141780292182	0.005024618474277383	0.005042305847001484	0.005056105870384139	0.0050660466995789445	0.005072271886042746	0.005075025392609568	0.005074633865033358	0.005071487487480884	0.005066020465255695	0.005058691905220575	0.005049967734943821	0.005040304352645067	0.00503013487220184	0.005019858974214878	0.0050098373003156175	0.0050003908973572835	0.004991805473418447	0.004984339394203835	0.0049782336990784656	0.004973722126364123	0.004971039246358167	0.004970425242571577	0.0049721265253686335	0.004976392045314665	0.004983465750897713	0.004993576020665262	0.005006923076789193	0.005023665390997817	0.005043905985487263	0.005067679376531042	0.005094939762991376	0.005125550961691895	0.005159278548153484	0.00519578466417136	0.0052346259768765065	0.005275255283619583	0.005317027223701572	0.005359208466074434	0.005400992590342366	0.0054415196708697865	0.005479900313451265	0.005515243584516616
3.0106929596902186	0.020818903912656013	0.02051098314343092	0.020011897286380486	0.019342948529369696	0.018532270549794748	0.017612728213243008	0.016619587956820118	0.015588198390008431	0.014551900265412955	0.013540337301609029	0.01257827343170829	0.011684949310236697	0.010873942992858049	0.01015344646839807	0.00952683763573492	0.008993418578509467	0.00854920351484039	0.008187668011196235	0.007900407269221194	0.00767768740972558	0.007508902747820911	0.007382969524072146	0.00728869088357382	0.007215120490678223	0.007151936753418534	0.007089821184418501	0.007020817973738447	0.006938641397048768	0.006838895463844456	0.006719176405047393	0.006579041517261463	0.006419844524202669	0.006244454455557065	0.006056888821027804	0.005861900235119066	0.005664557589802741	0.005469858702889897	0.005282402545073201	0.0051061378158478235	0.004944193113046796	0.004798784217121682	0.004671187406170515	0.004561764708072159	0.004470027248734366	0.00439472543100703	0.00433395831877813	0.004285298061489364	0.004245927505611125	0.004212789791815171	0.004182747727948743	0.004152748492637571	0.004119986544743639	0.00408205523612781	0.004037076402505007	0.0039837975127127705	0.003921647980377704	0.0038507497211521468	0.003771881453965613	0.0036864008580021063	0.003596133098831571	0.003503236024282794	0.0034100563502384787	0.0033189874086358134	0.003232340157862926	0.0031522345201697183	0.0030805153834456583	0.0030186939065686394	0.002967912037491256	0.002928926291961761	0.0029021061293546657	0.002887442630440669	0.002884565650214142	0.002892767652992716	0.002911028087733891	0.002938047914352714	0.0029722949044736365	0.003012058367980391	0.0030555145443827664	0.0031008015647941488	0.0031461008706693207	0.0031897260409818155	0.0032302084818114796	0.0032663539823760746	0.003297301093010156	0.003322559536159189	0.00334202313097029	0.0033559596485716447	0.0033649798292614383	0.0033699889716455184	0.003372125696463896	0.0033726934121291632	0.003373089883154426	0.003374739585841875	0.003379032391753614	0.003387270683472703	0.0034006253665523935	0.003420099557277276	0.003446497588786453	0.0034803968199764485	0.003522120612422828	0.003571717043737403	0.003628960832970934	0.003693388072299007	0.003764339093166105	0.003840978743544807	0.003922303962074243	0.004007161400154388	0.004094275985868765	0.004182297137160191	0.004269839470421901	0.00435553767186488	0.0044381555472818605	0.004516670751522655	0.0045903128870323036	0.004658582760893963	0.004721258339522502	0.004778390364442189	0.004830289873814771	0.00487747795668326	0.004920578591749014	0.004960211931273418	0.0049969328425890506	0.005031225386681908	0.005063529466062701	0.005094226669707726	0.005123624666138774	0.005151969536008316	0.005179434443304207	0.005206093340053624	0.005231905648481385	0.005256716076383784	0.005280263701229348	0.0053021923728044556	0.005322062242628295	0.005339369152743916	0.005353573432018549	0.0053641322631248775	0.005370530838661531	0.0053723115488868425	0.00536910182713207	0.005360640546916988	0.005346801576773933	0.005327612210410756	0.005303264088498541	0.005274114834964121	0.0052406797188463234	0.005203613966093651	0.0051636875299994065	0.005121754775424611	0.005078721414406207	0.0050355103698458675	0.004993027683235046	0.004952129610785966	0.00491359240418157	0.004878086349382989	0.0048461553532645136	0.004818202972634137	0.004794485320026068	0.004775110748082434	0.0047600457515528565	0.004749126240788161	0.0047420731870963856	0.0047385115347537	0.004737991219480989	0.004740009198631492	0.004744031603975929	0.004749515381143686	0.004755928937402113	0.004762771286883734	0.004769588958815101	0.004775989613347146	0.004781651068229087	0.004786324493585631	0.004789831024978643	0.004792051927866493	0.004792913474752515	0.004792368567370189	0.004790377636626189	0.004786891401603741	0.004781837693534883	0.004775113864315803	0.004766585470235067	0.004756091120813714	0.004743452732968763	0.004728489989246726	0.004711037566574555	0.0046909636430639045	0.004668188252455347	0.004642700188222271	0.0046145713263134585	0.004583967419287103	0.00455115461173255	0.004516501143003002	0.004480473946110958	0.0044436301202919375	0.0044066035316412365	0.004370087051598836	0.004334811150542432	0.004301519712668338	0.004270944033807463
3.141592653589793	1.2993736527945113e-7	2.0557628543595134e-6	1.0180590213143349e-5	3.113890032922721e-5	7.279350803415572e-5	0.00014301604263637668	0.00024843503762179026	0.0003933379513949982	0.0005788862037590563	0.0008027509394206526	0.0010592109954109233	0.0013396848992580966	0.0016336071568007074	0.001929515108461094	0.0022161921698072603	0.002483717837406246	0.0027243015543910853	0.002932819964663601	0.003107026714378793	0.003247451891846961	0.0033570468299913402	0.0034406542784430143	0.003504392035752958	0.003555031329931027	0.0035994333726657025	0.003644083852227401	0.0036947411424768464	0.0037561942501687863	0.003832113863238415	0.003924975138116896	0.004036033032448399	0.004165337653069425	0.004311785239663622	0.004473207199842869	0.004646503008161602	0.004827821904780952	0.005012793530862556	0.005196800269525674	0.005375276051739107	0.0055440097363092565	0.005699427490492437	0.005838828774983249	0.00596055461228594	0.006064074041745291	0.00614998371719174	0.006219924919458945	0.0062764303448201025	0.0063227187695788535	0.006362458488732291	0.006399520277373003	0.006437738047190744	0.006480691169900604	0.006531517722906322	0.006592763453074124	0.006666267864894149	0.0067530867713605745	0.006853449918499871	0.006966752556141982	0.0070915805944123155	0.007225769207724629	0.0073664964155695225	0.007510408559715416	0.007653777654149129	0.007792683633788961	0.007923214221406958	0.008041671040567928	0.008144769166419154	0.008229816319823998	0.008294858647074526	0.008338782251479748	0.00836136314918904	0.008363260490663953	0.008345955236027708	0.008311651111581114	0.008263133126757905	0.008203597267871237	0.008136469395980934	0.00806522428358113	0.007993215559377516	0.007923525466766721	0.007858831715777748	0.007801302880388188	0.007752553846465657	0.007713602806095214	0.00768485644614347	0.007666124014806096	0.007656654674581614	0.007655194211037496	0.007660058193958426	0.007669219795522655	0.007680409189084691	0.007691220956594583	0.007699225445687726	0.007702079531528627	0.007697632064082748	0.007684019754637558	0.007659750471001593	0.007623772112798168	0.00757552573516193	0.007514981241406112	0.007442646459127762	0.007359524104365317	0.007267007139087722	0.007166758628329503	0.007060630564005923	0.006950606947954178	0.006838735839718175	0.0067270556195424625	0.006617514659450714	0.006511915401800136	0.006411854777339129	0.006318612444038391	0.006233084381774594	0.006155779676830001	0.006086838153987526	0.00602605894569143	0.00597293417932428	0.005926685246627104	0.005886334923278541	0.005850835311186075	0.005819188853968228	0.0057905176989710505	0.0057640733332490314	0.005739210384227329	0.005715401480658626	0.005692253254372973	0.005669494369025745	0.0056469862459178136	0.005624741645957761	0.005602929463269449	0.005581864853839917	0.005561988381419122	0.005543843547169136	0.005528054580726375	0.005515297946271356	0.005506266181565891	0.0055016302664809315	0.005502005527489668	0.005507921936431162	0.0055197978543115415	0.005537916378328824	0.005562404516175192	0.0055932165600675555	0.0056301235618862145	0.0056727106209716145	0.005720383001095661	0.00577238112666396	0.005827803551154959	0.005885636395830712	0.005944787759517123	0.00600412603836038	0.006062521367682437	0.0061188890013932455	0.006172232607630796	0.00622168480022265	0.006266541964679614	0.006306290590622409	0.006340623053976748	0.006369441986223295	0.00639285352630884	0.006411150569528293	0.006424787703490098	0.0064343499911244245	0.006440518053120876	0.006444031862527355	0.006445655279469594	0.006446142803445391	0.006446209547780191	0.0064465052100021215	0.006447592852210146	0.006449933515972566	0.006453877869477179	0.006459665968583251	0.006467435641046521	0.00647723902351353	0.006489065655066405	0.00650286957572726	0.006518597313406117	0.006536213559770329	0.006555721725399263	0.006577177327256147	0.006600693122469826	0.006626435868513252	0.0066546154096858495	0.006685467379897936	0.006719231153500552	0.006756124801416492	0.006796318782013232	0.006839909984287077	0.006886897599946532	0.006937162162932686	0.00699044896959311	0.007046356969844744	0.007104334074889147	0.007163679636850139	0.00722355461263455	0.0072829996363784	0.007340960898855806	0.007396323360794558	0.007447950393404801
3.2724923474893677	0.020818903912656013	0.020510983143430913	0.02001189728638049	0.019342948529369696	0.018532270549794748	0.017612728213243008	0.016619587956820118	0.01558819839000842	0.014551900265412962	0.013540337301609034	0.012578273431708293	0.011684949310236697	0.01087394299285805	0.010153446468398072	0.00952683763573492	0.008993418578509467	0.008549203514840387	0.008187668011196237	0.007900407269221197	0.0076776874097255745	0.007508902747820914	0.00738296952407215	0.007288690883573818	0.007215120490678223	0.007151936753418537	0.0070898211844185035	0.007020817973738456	0.00693864139704876	0.006838895463844453	0.006719176405047398	0.006579041517261466	0.0064198445242026675	0.006244454455557065	0.0060568888210277986	0.005861900235119069	0.0056645575898027385	0.005469858702889899	0.005282402545073201	0.0051061378158478304	0.004944193113046798	0.004798784217121681	0.004671187406170517	0.004561764708072162	0.004470027248734362	0.004394725431007032	0.00433395831877813	0.004285298061489364	0.004245927505611125	0.004212789791815173	0.0041827477279487366	0.0041527484926375665	0.004119986544743639	0.004082055236127806	0.004037076402505007	0.003983797512712775	0.0039216479803776995	0.0038507497211521468	0.003771881453965613	0.0036864008580021063	0.003596133098831571	0.0035032360242827974	0.0034100563502384783	0.0033189874086358134	0.0032323401578629226	0.003152234520169722	0.0030805153834456583	0.003018693906568636	0.002967912037491255	0.0029289262919617574	0.002902106129354666	0.0028874426304406685	0.002884565650214142	0.002892767652992716	0.0029110280877338943	0.002938047914352714	0.0029722949044736404	0.003012058367980391	0.0030555145443827703	0.0031008015647941444	0.0031461008706693172	0.0031897260409818194	0.0032302084818114796	0.0032663539823760746	0.0032973010930101593	0.0033225595361591857	0.003342023130970291	0.0033559596485716447	0.0033649798292614383	0.0033699889716455145	0.003372125696463896	0.0033726934121291632	0.003373089883154426	0.003374739585841875	0.003379032391753614	0.003387270683472703	0.0034006253665523935	0.0034200995572772727	0.003446497588786453	0.003480396819976448	0.003522120612422828	0.003571717043737403	0.00362896083297093	0.003693388072299007	0.003764339093166105	0.003840978743544807	0.003922303962074243	0.004007161400154388	0.004094275985868769	0.004182297137160191	0.004269839470421901	0.00435553767186488	0.004438155547281856	0.004516670751522655	0.0045903128870323036	0.004658582760893967	0.004721258339522502	0.004778390364442189	0.004830289873814771	0.00487747795668326	0.004920578591749014	0.004960211931273413	0.0049969328425890506	0.005031225386681908	0.005063529466062701	0.005094226669707722	0.005123624666138774	0.005151969536008316	0.0051794344433042025	0.005206093340053624	0.005231905648481385	0.005256716076383789	0.005280263701229348	0.0053021923728044556	0.005322062242628299	0.005339369152743916	0.005353573432018549	0.0053641322631248775	0.005370530838661531	0.0053723115488868425	0.00536910182713207	0.005360640546916984	0.005346801576773933	0.005327612210410761	0.005303264088498541	0.005274114834964121	0.005240679718846318	0.005203613966093651	0.0051636875299994065	0.005121754775424615	0.005078721414406207	0.005035510369845868	0.004993027683235046	0.004952129610785966	0.004913592404181571	0.004878086349382988	0.004846155353264509	0.004818202972634141	0.004794485320026074	0.004775110748082438	0.00476004575155286	0.004749126240788157	0.004742073187096386	0.0047385115347537	0.004737991219480994	0.004740009198631492	0.00474403160397593	0.004749515381143686	0.004755928937402113	0.004762771286883734	0.004769588958815101	0.004775989613347146	0.004781651068229087	0.004786324493585628	0.004789831024978643	0.004792051927866488	0.004792913474752512	0.004792368567370189	0.004790377636626189	0.004786891401603746	0.004781837693534884	0.004775113864315803	0.004766585470235066	0.004756091120813714	0.004743452732968763	0.004728489989246726	0.0047110375665745585	0.0046909636430639045	0.004668188252455347	0.004642700188222271	0.004614571326313465	0.004583967419287107	0.004551154611732554	0.004516501143002997	0.004480473946110958	0.004443630120291938	0.004406603531641241	0.004370087051598837	0.004334811150542428	0.004301519712668338	0.004270944033807464
3.4033920413889427	1.299373652793552e-7	2.0558498052789182e-6	1.0182308783292006e-5	3.115071355906947e-5	7.28425917687453e-5	0.00014316681225302194	0.0002488126684941629	0.00039415321731429737	0.0005804566543599279	0.0008055130771787758	0.0010637188142596733	0.0013465918159767064	0.0016436307152329817	0.0019433864437816367	0.0022345946165263212	0.002507220828591118	0.002753296797905291	0.0029674666847167197	0.0031472115990320636	0.00329276754360121	0.0034067903388609612	0.003493845413778987	0.003559808819317102	0.0036112596250299296	0.003654926667096346	0.003697229540812435	0.003743930127664479	0.0037998913198184253	0.003868926827179386	0.003953720933290038	0.0040557988732596705	0.004175534861458621	0.004312192792465615	0.004464001494639319	0.004628270097247791	0.004801548661709263	0.004979834994564793	0.005158821753945989	0.0053341704097670875	0.005501792240582194	0.005658112908228278	0.005800297128271704	0.005926413614151878	0.006035527118899843	0.00612771277655371	0.00620399656060627	0.006266233101271977	0.006316937265673668	0.006359088251015457	0.006395924487424689	0.006430744925889634	0.006466728105527121	0.006506775848393591	0.006553384295575652	0.00660854205012274	0.00667365368442099	0.006749486768288804	0.006836141514174	0.0069330435859374755	0.007038961506478096	0.00715205227920995	0.007269934941388803	0.0073897946648513934	0.007508513989556369	0.0076228265292882695	0.007729484974064647	0.007825432813221773	0.007907967812263507	0.00797488521189778	0.008024590000495558	0.008056170261597372	0.008069425028551293	0.00806484672245244	0.008043571915999179	0.008007293093460148	0.007958142723512399	0.007898563695481847	0.007831174950146949	0.00775864111652278	0.007683553357795441	0.007608317711722154	0.007535061704719074	0.007465590261907739	0.007401333276862251	0.0073433106860919155	0.007292120032635283	0.007247937605608364	0.007210532760949586	0.0071792956054933564	0.007153276868141961	0.007131239143558865	0.007111718390123307	0.007093093876915525	0.0070736640731981085	0.007051725452836912	0.007025651150516304	0.006993966984331269	0.006955422948422777	0.006909058354736396	0.006854258120808944	0.006790790325784162	0.006718800933924945	0.006638758497012308	0.006551386646166022	0.006457620655655198	0.006358577784489631	0.006255524145851986	0.006149836794135198	0.0060429487960893475	0.005936308745432473	0.00583133079675802	0.005729288418648109	0.005631242670085665	0.005538022942357893	0.005450224053909855	0.005368209605984705	0.005292117456272591	0.0052218654030156955	0.00515718944819643	0.005097734708087945	0.00504314062702372	0.004993077434652648	0.004947228099486218	0.004905249288389722	0.004866785305426308	0.004831486265773813	0.004798996181027349	0.004768966704743622	0.004741094039844907	0.004715145823536598	0.004690970165530142	0.004668496968944905	0.004647738853726398	0.00462879085586022	0.0046118231324164816	0.0045970659220183376	0.004584792238197255	0.004575301854840961	0.004568905648771261	0.004565908196586348	0.0045665878793761236	0.0045711752983637575	0.004579831664411088	0.004592629117295704	0.0046095348605049045	0.004630400599788541	0.004654958094310394	0.0046828208752399654	0.004713491686005878	0.004746375179679124	0.004780795722364998	0.004816020228437026	0.004851285352674959	0.004885827436810527	0.004918913106492514	0.004949868486535755	0.0049781052340295276	0.005003141780292184	0.005024618474277384	0.005042305847001484	0.005056105870384141	0.0050660466995789445	0.005072271886042747	0.005075025392609567	0.005074633865033359	0.005071487487480884	0.005066020465255695	0.005058691905220573	0.005049967734943821	0.005040304352645063	0.00503013487220184	0.005019858974214878	0.005009837300315615	0.0050003908973572835	0.004991805473418447	0.004984339394203835	0.0049782336990784656	0.004973722126364123	0.004971039246358167	0.004970425242571577	0.004972126525368635	0.004976392045314665	0.004983465750897713	0.004993576020665262	0.005006923076789193	0.005023665390997817	0.005043905985487263	0.00506767937653104	0.005094939762991377	0.0051255509616918915	0.005159278548153482	0.005195784664171361	0.005234625976876503	0.005275255283619583	0.005317027223701572	0.005359208466074434	0.005400992590342365	0.0054415196708697865	0.005479900313451265	0.005515243584516618
3.5342917352885173	0.02155369942054701	0.021245744035521708	0.0207463871275624	0.02007655302188466	0.01926386601590103	0.01834060733550398	0.017341448704992702	0.016301195065522592	0.015252749418433716	0.014225466718722145	0.013243999897351465	0.012327670443424315	0.011490329800561869	0.010740625708642855	0.010082555898120125	0.009516182473886596	0.009038392033815955	0.008643613783538681	0.008324443282483922	0.008072155148487957	0.007877117273122835	0.007729137306151521	0.007617777660206666	0.007532669212459209	0.0074638396398362845	0.007402054591969583	0.007339153494249881	0.007268350600971783	0.007184468283931797	0.007084073822212979	0.006965501751570939	0.006828758457143681	0.006675320910114781	0.006507854205907084	0.006329880617979188	0.006145435183088132	0.005958739591885504	0.005773918651532261	0.005594773763519253	0.0054246178516519665	0.005266167834746864	0.005121485294155529	0.0049919538779107115	0.004878282880507317	0.004780529425463723	0.004698135529088105	0.004629979819508384	0.004574445869725625	0.004529509472261413	0.004492845737590024	0.004461954080075625	0.004434295760386737	0.004407435470151701	0.0043791763523181185	0.00434767730292214	0.004311542618273201	0.004269876853503109	0.004222301654890021	0.004168935623314612	0.004110342571535605	0.004047455438930394	0.003981487324151514	0.003913838189438093	0.003846006723584069	0.003779513699768211	0.003715840170986242	0.0036563811304764523	0.003602412676856247	0.0035550691533576396	0.003515326150113492	0.0034839856967174092	0.0034616625908971033	0.00344877066470345	0.003445503449485992	0.0034518208283639967	0.003467442771904136	0.0034918515159367554	0.0035243052192927195	0.0035638642661257637	0.0036094298009080976	0.003659798204326988	0.003713722781242077	0.0037699567300018993	0.0038273113624854535	0.0038847081873520134	0.00394121545139693	0.003996073873422978	0.004048709647418478	0.004098735634761254	0.004145943838369868	0.004190292131918274	0.004231888304267891	0.0042709740757266084	0.0043079108321457645	0.004343167588763907	0.004377310229969823	0.004410989581592291	0.004444925020845079	0.004479880519396114	0.004516631346828006	0.004555926458443046	0.004598462757984037	0.004644875438899979	0.004695726778483045	0.0047514850682159535	0.004812494183731181	0.004878931223038418	0.004950766445929532	0.0050277511611693205	0.00510940853246625	0.005195047613915273	0.005283844534901524	0.005374912305320493	0.005467336758973592	0.0055602018743904	0.005652614565374365	0.00574373460283737	0.005832808007306848	0.005919167044305913	0.006002172277273707	0.00608115733278096	0.006155426270037986	0.006224313321904503	0.006287266425143317	0.006343871343187677	0.006393869045710095	0.006437202012605791	0.006474019916235869	0.006504638949022879	0.0065294967509496385	0.006549119939365647	0.00656409435424535	0.006575030664273112	0.006582527062882947	0.00658713702308772	0.006589345537752114	0.006589550182050576	0.00658804511860336	0.006585011070284605	0.00658051481158629	0.0065745190357518295	0.006566901105190194	0.006557478055706258	0.006546034755133001	0.0065323521071011725	0.006516232678807581	0.006497522025932394	0.006476124999491332	0.0064520170481083446	0.006425250693850328	0.006395957126609387	0.006364342894051602	0.006330682413735414	0.0062953079246651665	0.00625859853097067	0.006220969175936287	0.006182859648516826	0.006144723607222756	0.006107017813428347	0.006070191849228483	0.006034678484756313	0.0060008846980123395	0.005969183211940698	0.005939904343868337	0.00591332804799751	0.005889676299002368	0.005869106294384584	0.005851705155767453	0.005837486756569918	0.0058263909814850676	0.005818285221136363	0.00581296740201842	0.005810169578169878	0.005809561240420104	0.005810752020360621	0.005813294168030257	0.005816685779603332	0.005820376035141184	0.0058237736059595395	0.00582625895846477	0.005827200651531409	0.0058259750681355195	0.005821988490266848	0.005814700107802251	0.0058036444630753204	0.0057884519374673095	0.005768866125093092	0.00574475724646321	0.005716131070440234	0.005683133087196518	0.0056460478822393315	0.00560529380259855	0.005561413103153529	0.005515057845274098	0.0054669719182251775	0.005417969678084118	0.005368911844198427	0.005320679442238095	0.005274146712021115	0.005230153981895174
3.665191429188092	1.299373652786506e-7	2.05610490523138e-6	1.0187353497902644e-5	3.1185414591364996e-5	7.298689966315294e-5	0.0001436105467352133	0.00024992546649041337	0.00039655910688107934	0.0005850988428740449	0.0008136933570081589	0.0010770978569738948	0.001367141302000054	0.0016735349292554332	0.0019848984669262703	0.002289859226526042	0.002578081461397089	0.0028411065666292938	0.003072923144929289	0.0032702319007239197	0.00343241551306411	0.0035612608996680277	0.003660505689106891	0.0037352902244784845	0.0037915919021837357	0.0038357033503954303	0.0038737945585539716	0.003911576602694662	0.003954065401858935	0.00400543087754216	0.004068911065935208	0.004146771518799119	0.004240295781356173	0.00434980023959408	0.00447467358517456	0.004613445555271532	0.0047638904401461945	0.004923168159895257	0.005088000461387182	0.0052548735246248516	0.005420252691804809	0.005580791574068021	0.00573351731062436	0.005875976390865724	0.006006330649367322	0.0061233997321864615	0.006226653196245646	0.006316161170697751	0.006392516225775697	0.006456740282390165	0.00651018911115549	0.006554463757092846	0.006591333902823412	0.006622673814823652	0.006650407906799588	0.006676460823106546	0.006702706550945147	0.006730912330163597	0.0067626756280728464	0.0067993555766386665	0.006842002899437365	0.006891296007157301	0.0069474890546329	0.0070103807478964835	0.007079308825585666	0.007153172929430577	0.007230485695269229	0.0073094483105770386	0.0073880443258044605	0.007464143730509874	0.007535608747304329	0.0076003933631497884	0.007656628120932263	0.007702686473930385	0.007737240328707782	0.007759291738101031	0.0077681863469251525	0.0077636139999503	0.0077455996792287944	0.007714488202093428	0.007670924796802155	0.007615824393299477	0.007550337582602702	0.007475842666156096	0.007393907128696568	0.0073062409199664185	0.007214649109905515	0.007120976165851704	0.007027045741182126	0.006934597073488474	0.00684522099174601	0.006760299583906121	0.006680953417111646	0.006607999821246573	0.0065419250283036	0.006482872050702968	0.006430645368277091	0.0063847329126683165	0.006344345096726939	0.00630846958648084	0.006275939034395116	0.006245502031826287	0.006215877643430468	0.006185791543916643	0.006154010515593563	0.0061193738330212735	0.006080828841054007	0.0060374895996500935	0.005988697285530421	0.005934049862399274	0.005873431254328699	0.0058070142252838	0.005735190690309553	0.00565851625441826	0.005577690888060797	0.005493548686823331	0.005407039603312312	0.0053191943742094405	0.005231078402637941	0.0051437715457464525	0.005058393474187064	0.004976116759566416	0.004898129580405487	0.004825549362597859	0.00475932648101657	0.0047002091113509245	0.004648720964952296	0.004605122182427105	0.004569409610991663	0.004541355206274624	0.0045205496632062395	0.004506436413014122	0.00449834072137639	0.004495501957007657	0.004497109620990847	0.004502337535184898	0.004510373955781441	0.004520450786908742	0.004531873184673262	0.004544046491851844	0.004556496640943551	0.004568881945628686	0.004580995956608317	0.00459276216230634	0.00460422199538124	0.004615517921997122	0.0046268733589258084	0.004638570862258186	0.0046509296165117365	0.004664282969082892	0.004678956809045999	0.004695249872969805	0.004713417054810908	0.004733656135484533	0.004756097531113636	0.004780796548210718	0.004807728207253218	0.004836785129504982	0.004867778818428928	0.004900444183562768	0.004934446775076741	0.00496939206614849	0.00500483619055937	0.005040297737243298	0.0050752704158454525	0.005109236507086266	0.005141680945039817	0.005172105726745908	0.005200044246137579	0.0052250751876997265	0.005246835787586483	0.005265034508287878	0.005279463356575448	0.005290010052135881	0.005296669926539074	0.005299556851313648	0.005298911871374309	0.005295107816192816	0.005288648156547123	0.005280158810191834	0.005270372378995652	0.0052601052281116	0.005250228668807586	0.005241636101959726	0.005235208238477589	0.005231778457217742	0.005232100077916776	0.005236816925294774	0.005246438139437842	0.00526131782151274	0.005281639838751315	0.0053074079626231506	0.005338441462533303	0.005374376284986993	0.005414671966158295	0.005458624408357419	0.005505384563446864	0.005553982889584264	0.005603359179168272	0.005652397011459116	0.00569996169929898
3.796091123087667	0.023130013253128332	0.022821990928694424	0.022322109401701973	0.021650559514471455	0.020833972580935205	0.01990348472678064	0.01889258937800511	0.017834997435080036	0.016762706605228658	0.01570443829351761	0.014684540423404882	0.01372238780407308	0.012832248743961596	0.012023536585184765	0.011301333810704048	0.010667066694773441	0.010119218623573062	0.009653995497964484	0.009265890307511519	0.008948128721113802	0.008693006904398335	0.008492152233603686	0.008336745189475083	0.008217737160063531	0.008126086975351126	0.008053022845847373	0.00799032036903908	0.007930575127141414	0.007867442500553254	0.00779581836275322	0.007711941396663873	0.0076134087639527885	0.007499109047277357	0.007369087104188081	0.007224362671273622	0.007066727170656703	0.006898541221971133	0.0067225498305282785	0.006541724717500107	0.006359135604538254	0.006177846086960696	0.006000826125409832	0.00583087255963902	0.005670531099426106	0.005522017121469286	0.005387137124236621	0.005267216672153308	0.005163043129301252	0.0050748318954509436	0.005002223161930203	0.004944312802905513	0.00489971668708067	0.004866663277262702	0.004843105803014204	0.004826843146661199	0.00481563821795124	0.00480732395531154	0.004799889828207751	0.0047915452047107765	0.004780759854605122	0.004766283815389413	0.004747153132614118	0.004722686333136807	0.004692477467892994	0.004656389794339834	0.004614551926469236	0.004567356166671507	0.0045154567578834645	0.004459764551997794	0.004401434175603551	0.004341840272058347	0.004282542141879643	0.004225235725527043	0.0041716875951824444	0.0041236642508157475	0.004082858428321959	0.00405081610178721	0.0040288696631076495	0.004018081698576529	0.00401920275373577	0.004032650768314623	0.004058507126374552	0.004096506099758046	0.004146053951130672	0.004206259901145456	0.004275970792895115	0.004353809833987675	0.00443821752825491	0.004527495523379519	0.00461985276834354	0.0047134542724885506	0.004806473029037569	0.004897145267706823	0.004983828454579076	0.005065060384756432	0.005139616366959559	0.005206560125156306	0.005265283366625993	0.005315529362092677	0.005357397359771666	0.00539133104800148	0.005418101805207925	0.005438782650338416	0.0054547085623275204	0.005467440710707553	0.005478714897421807	0.005490343497871372	0.005504101834015503	0.005521641309273136	0.0055444061819928635	0.00557357910527308	0.005610095986482482	0.005654649062420848	0.005707660477361856	0.0057692551795484005	0.0058392505395733285	0.005917168884827509	0.006002267723985047	0.006093550126419434	0.006189733376227178	0.006289235525575722	0.006390219634314223	0.006490699060733519	0.006588674035565522	0.0066822232950871805	0.006769591841092901	0.006849293850342608	0.006920164776667747	0.00698137262651638	0.007032417438394997	0.007073127123589606	0.007103649114405738	0.007124428622463981	0.007136171253972211	0.007139796832580039	0.0071363892259679	0.007127141304333304	0.007113295849998046	0.007096087327261952	0.007076689885167124	0.007056174995341331	0.007035479863152189	0.0070153861178271345	0.006996507485466083	0.006979284911653321	0.006963987665916794	0.006950719233405688	0.006939427178255926	0.006929916439582035	0.006921865492585327	0.006914844570854096	0.0069083352103844085	0.006901751054146436	0.006894460545150275	0.006885811989172127	0.006875160677128151	0.006861897166667384	0.006845475681961737	0.006825441570992324	0.006801456668944863	0.006773321309396624	0.006740991665028954	0.00670459111207341	0.006664414460894819	0.006620924264423456	0.006574738995943008	0.0065266135344410605	0.006477412945318925	0.006428080908033734	0.006379604292113271	0.006332975327615468	0.006289152634073355	0.006249022222617944	0.006213359625116399	0.006182794563776934	0.006157779928399232	0.006138567070815734	0.006125189381466702	0.006117455704217578	0.006114954419000729	0.006117068132464717	0.0061229980650135745	0.006131796571247863	0.006142405852446309	0.00615370079698016	0.006164533946195108	0.006173780745137479	0.006180383428080852	0.006183392058495844	0.006182001365884212	0.0061755820979056625	0.006163705662247848	0.006146160915365662	0.00612296211812578	0.006094347367337911	0.006060767250358076	0.006022864043490073	0.00598144242597667	0.00593743331718807	0.005891852961763155
3.9269908169872414	1.2993736527748625e-7	2.056511241551611e-6	1.0195397294985378e-5	3.124082007555337e-5	7.321769573991448e-5	0.00014432165917548795	0.0002517130444892794	0.00040043457574600715	0.0005926003553145907	0.0008269600480145739	0.0010988847071787856	0.0014007591846025994	0.0017227104120774162	0.0020535594083801838	0.0023818631290000087	0.0026969120548521078	0.0029895688152235967	0.003252867172085941	0.0034823324171491953	0.0036760261573017474	0.003834353922413663	0.0039596982758413205	0.004055950941238032	0.004128015304539494	0.004181338136137109	0.004221510548857307	0.004253957561532295	0.004283717210857797	0.004315296815549624	0.004352587079808084	0.004398814015964683	0.004456512718480453	0.004527513659436652	0.004612939090456657	0.004713212411360892	0.0048280858421716945	0.0049566911548162675	0.005097615153745557	0.005248997188291364	0.005408641612065717	0.005574135026694256	0.005742957195590203	0.005912575945664176	0.006080519855116188	0.006244427238329042	0.006402074813225464	0.006551393387723449	0.00669048008544679	0.006817616601364124	0.006931300771873109	0.007030294854335387	0.0071136891239828625	0.007180974724227032	0.007232116021175753	0.007267610727868321	0.0072885261200132745	0.007296501744542158	0.007293712713362966	0.007282792373596429	0.007266717678758709	0.00724866612289438	0.0072318539158432345	0.007219369036241468	0.007214011608446762	0.0072181527884248335	0.007233620669949799	0.007261618805704466	0.00730267951286211	0.0073566512763067575	0.007422717339497825	0.007499441163473545	0.007584831930281107	0.007676425964819805	0.007771388681786891	0.007866620823644864	0.007958869386598464	0.008044843386422208	0.008121331574700843	0.00818531942661335	0.008234102465008303	0.008265383823460188	0.008277359148674451	0.008268815286269795	0.00823918541733885	0.008188575529512717	0.008117766190047074	0.008028188896000267	0.007921872837136395	0.007801363715540899	0.007669619523490374	0.007529888549417142	0.0073855760821393834	0.007240106958809668	0.007096791153777875	0.006958699222492617	0.006828553785353583	0.006708642373347858	0.006600755442649562	0.006506151352324452	0.006425548056919605	0.006359135393683338	0.0063065965623378545	0.006267143545040277	0.006239563279730639	0.006222252118366097	0.006213268110458958	0.0062104358351682	0.006211471465394687	0.006214083999559167	0.006216078744552573	0.0062154331881608465	0.006210303585650267	0.006199053466752535	0.006180315036528015	0.006153044337859155	0.006116554807548899	0.006070528197984288	0.0060150042354155005	0.005950383984708404	0.005877464342432034	0.005797443077292846	0.005711864655501546	0.005622512316288759	0.0055312728802044365	0.005440041038344526	0.005350631330619512	0.005264693370758603	0.0051836798665793665	0.005108837960020999	0.005041196870926267	0.00498155664292191	0.004930479470612474	0.004888287696015805	0.004855071426564017	0.004830701946171448	0.004814847916234286	0.004806996289073954	0.0048064791650350375	0.004812504801458337	0.00482419011025626	0.0048405925857244	0.004860740617478084	0.0048836618864946816	0.004908409821369464	0.004934088148997393	0.004959873532551407	0.004985036138800456	0.005008957757727597	0.00503114695009129	0.005051250774275922	0.005069062881082676	0.005084527787441103	0.00509774072414636	0.005108942075305486	0.005118505688830982	0.005126921012851942	0.00513476952821238	0.005142696302712506	0.005151377937879297	0.005161488601381314	0.005173665991847678	0.005188478980770888	0.005206398487320016	0.005227772921836225	0.00525280921851978	0.005281560063198289	0.005313917518441781	0.005349612962840718	0.005388223118737987	0.005429181926008857	0.005471798103697659	0.005515278352369435	0.005558756139349194	0.005601325727105676	0.005642080520522108	0.005680154053640608	0.005714761241018933	0.005745237107150872	0.00577107021864999	0.005791928489396484	0.005807675789799237	0.005818378669547673	0.0058243033052916	0.00582590338862663	0.005823800043592981	0.005818755043289	0.005811638652677115	0.005803393433313109	0.005794995362831502	0.005787413676861078	0.0057815709313599785	0.005778304879955892	0.005778333819754545	0.005782227035215813	0.005790381827682818	0.0058030083407443955	0.005820122987960298	0.005841550796898652	0.005866936456483487	0.005895763346058305
4.057890510886816	0.025795913614693175	0.02548779647332046	0.024987170798007607	0.02431318223097721	0.02349103764973748	0.022550214023562377	0.021522471824333204	0.02043987529010897	0.019333005688594907	0.018229514552998875	0.017153108873746294	0.01612299866500279	0.01515377879359904	0.014255669801446156	0.013435012431484204	0.012694900094595873	0.01203584154506253	0.011456368580957865	0.010953534737434724	0.0105232841108163	0.010160698644975336	0.00986015303612957	0.009615416674332761	0.009419741853591143	0.009265968921809357	0.009146665457691898	0.009054301738100333	0.008981452095765691	0.00892100364989294	0.00886635135628268	0.0088115610385455	0.008751488600854868	0.008681851923558427	0.008599259842012506	0.008501208325271204	0.008386056448176351	0.008252993800369464	0.008102007221600087	0.007933849401879363	0.007750006403253756	0.007552656924679465	0.007344614135792193	0.0071292415763353	0.006910337764863741	0.006691989064563998	0.006478395949114048	0.0062736829388565715	0.006081706117488373	0.005905873617343113	0.005748993552951282	0.005613160821548412	0.005499689620253071	0.005409093281559801	0.005341108021714446	0.005294753237004709	0.005268418568327272	0.005259967286295114	0.005266846493734348	0.005286196747776087	0.005314956726937857	0.0053499603179482545	0.0053880275332798	0.005426050259574708	0.005461074912414696	0.005490383317825378	0.005511572017951118	0.005522628225920752	0.005521999351334828	0.00550865183831059	0.005482114621558971	0.005442502842609459	0.005390520101329946	0.005327436838231021	0.005255037886854789	0.005175551763941952	0.005091563274123052	0.005005911489626066	0.004921579865572897	0.0048415845694443115	0.004768865932565502	0.004706193571127649	0.0046560830824232706	0.004620704275481262	0.004601819543999372	0.004600739801301062	0.00461829181435582	0.00465479529160955	0.004710054725244242	0.004783364187656389	0.004873525319902062	0.004978879261501329	0.0050973529914140146	0.005226520224613815	0.005363676300206375	0.005505925401509552	0.005650276978229844	0.005793746610498848	0.00593345548969951	0.006066722602824075	0.006191144562645347	0.00630466314018406	0.0064056248884565665	0.006492822733314825	0.0065655255356406594	0.006623515896221178	0.006667097963854133	0.006697046943695746	0.00671452799418688	0.006721026377631965	0.00671827040689029	0.006708178766076318	0.006692858349623202	0.006674554172553738	0.006655562886816044	0.006638151742923867	0.00662448626736193	0.00661656599877516	0.006616172909346814	0.006624801568499651	0.006643555620574115	0.006673071304852323	0.006713497498536951	0.006764534087131891	0.00682551547096581	0.006895476435879712	0.006973222303489432	0.0070573974499735246	0.007146511158339495	0.007238957943408809	0.007333061574985714	0.007427129261553152	0.007519505213244914	0.007608619329107051	0.007693025278876321	0.007771430176341801	0.007842719591617048	0.007905976142047957	0.007960490300272153	0.008005765461237352	0.008041519740370068	0.008067685662534964	0.00808440772945567	0.008092037101717691	0.008091122205106873	0.008082394036449407	0.00806674533462066	0.008045203452494593	0.008018897490039022	0.007989020789780192	0.007956790083606979	0.007923402525568037	0.00788999200030859	0.007857586705667408	0.007827070573568294	0.007799151036628356	0.007774335171461963	0.007752915741741302	0.007734967988692329	0.007720357059243454	0.007708755066825644	0.007699666278075703	0.007692458732783539	0.007686400489075976	0.007680698585927515	0.007674538843975944	0.00766712483262967	0.007657714624982599	0.007645654217237036	0.007630406640701624	0.007611575832099509	0.007588924276783859	0.007562383377943984	0.007532055575177671	0.007498207580203437	0.007461254750459861	0.007421737462085431	0.007380291158154104	0.007337612337194482	0.007294423000254583	0.007251435981428026	0.0072093232108412135	0.007168688411288554	0.007130045144690205	0.007093800628190344	0.007060245406658239	0.007029548798808373	0.00700175996714026	0.006976814411425054	0.006954545576152236	0.006934701053135619	0.006916962555023322	0.006900968479705136	0.0068863375538710464	0.006872691819904662	0.0068596771880255715	0.006846979960641126	0.006834338147003492	0.006821546967798267	0.006808458604859441	0.006794976874945021
4.1887902047863905	1.2993736527606906e-7	2.057041767820985e-6	1.0205914857265161e-5	3.131340231327227e-5	7.352075480642323e-5	0.0001452580652809095	0.00025407479307010993	0.00040557457091920136	0.0006025933950302687	0.0008447214743724248	0.00112821728972402	0.0014463064050798252	0.001789806151189513	0.0021479780572518903	0.002509487948560264	0.0028633508722477954	0.003199753099587316	0.0035106722448672648	0.0037902530817512676	0.004034934351973455	0.004243354749126645	0.004416089872897993	0.004555283974735788	0.004664240713095038	0.0047470278362524146	0.0048081349955452	0.004852205607218965	0.004883846451931505	0.004907505302523431	0.004927398852734326	0.00494747082232986	0.004971362450063025	0.005002383013430942	0.005043474601476437	0.005097171340182814	0.005165557358874243	0.0052502294102933144	0.0053522693396545135	0.005472229225323855	0.005610128992330095	0.005765463672977221	0.005937216080747955	0.0061238708973298354	0.006323427999837129	0.006533415793484599	0.006750908589998866	0.00697255480094403	0.007194624123774277	0.007413081487264814	0.007623693177893844	0.007822166589030021	0.008004320042495116	0.008166273989567771	0.008304650525201218	0.008416765241674609	0.008500794596194182	0.008555903274015739	0.008582319316763285	0.00858134957998091	0.008555333306209707	0.008507538201878854	0.008442006360947734	0.008363362467186499	0.008276598410618624	0.008186848380165784	0.008099167753263067	0.008018327108701984	0.007948629906293993	0.007893759613974415	0.007856659489154183	0.007839446127384393	0.007843354605599845	0.007868714800230546	0.007914965339140162	0.007980691713118692	0.008063688575757655	0.008161048696892456	0.008269274373752786	0.008384408148044002	0.008502179641158611	0.008618155593577958	0.008727893726234105	0.008827124524586833	0.00891190461829256	0.008978750863453096	0.009024758975522748	0.00904769986852079	0.009046084162348039	0.009019195863869362	0.008967094168379746	0.008890584741702586	0.008791163756794998	0.008670939153292754	0.008532534499574437	0.00837898140892776	0.008213606819379297	0.008039921476052451	0.007861514978870757	0.007681960731611796	0.007504731831410191	0.007333123889944497	0.007170178902037812	0.00701861901526095	0.006880779432359072	0.006758532392106116	0.006653246296570357	0.006565783869854573	0.006496519190855594	0.006445349553462623	0.0064117233086101654	0.006394656838484991	0.006392720484993396	0.0064040845474872266	0.006426596805973805	0.006457859868556359	0.006495312820366331	0.006536311011028052	0.006578198119319856	0.00661839878426301	0.00665454666084152	0.006684590462725729	0.0067068482269899725	0.006720004567468743	0.006723063748961197	0.006715318652994302	0.006696321943740628	0.006665871355621977	0.006624030211152543	0.0065711489721319875	0.006507864582803356	0.0064350796036401784	0.006353933464290982	0.006265772281435968	0.006172120265575161	0.006074649030799974	0.0059751401170279874	0.005875441557976307	0.0057774204420442616	0.005682911872804036	0.00559366563777008	0.005511293470136576	0.005437220027097807	0.005372640331990093	0.00531848597214653	0.005275401670071569	0.005243732994403294	0.005223525149643146	0.005214532136282676	0.005216235221755887	0.005227869668768342	0.005248458875048718	0.005276855041850301	0.005311784907997837	0.005351898334311606	0.005395817214283452	0.005442182364221446	0.005489696398807759	0.005537161020495678	0.005583507636768923	0.005627820698135114	0.0056693535839263225	0.005707537260128563	0.005741982285060268	0.005772474994947519	0.005798968796224463	0.005821571410741573	0.005840528738212291	0.00585620583714349	0.00586906547965042	0.005879644845440552	0.00588853115719709	0.005896337334443609	0.005903678924192718	0.005911153531390058	0.005919323680714635	0.005928703570978577	0.005939749680914056	0.005952854781898325	0.00596834467224048	0.00598647686893276	0.006007440549067707	0.00603135719096954	0.006058281577534478	0.00608820302692759	0.006121046848632797	0.006156676059488542	0.006194893351961616	0.006235443235184231	0.006278014229627229	0.006322241039318117	0.006367706771214167	0.006413945498697488	0.006460445717640077	0.0065066554418748744	0.006551989755684894	0.006595841534527118	0.006637595754085695	0.006676647371198247	0.006712422251786317	0.006744400124794426
4.319689898685965	0.030030711134611785	0.029722477626752147	0.029220937007650383	0.028543942195228395	0.027714923248923957	0.026761261306487125	0.025712487112303697	0.024598487072217467	0.023447885669885635	0.022286738210282972	0.021137618513265816	0.020019130500482044	0.018945819138187478	0.017928412422948372	0.0169742973440998	0.016088121459008453	0.015272417286047722	0.0145281659503623	0.013855244414017203	0.013252731460006608	0.012719075997331984	0.01225215306071315	0.011849245727614416	0.011506994644697566	0.011221352246032898	0.010987568570794899	0.010800222914335099	0.010653303321626034	0.01054032644165092	0.010454484794650415	0.010388807266813715	0.01033632090164001	0.010290206432342864	0.010243944882248413	0.010191456482274168	0.010127235098476626	0.010046480933068798	0.009945231708129592	0.009820488638872438	0.009670329340138615	0.00949399652190343	0.00929194984707654	0.009065869182391618	0.008818600707380848	0.008554042508614182	0.00827697254060178	0.00799282814315354	0.007707451627141894	0.007426819932603068	0.007156777529022211	0.0069027904790498916	0.00666973626626866	0.006461739236374932	0.006282056113121613	0.006133010974804331	0.006015974908166441	0.005931382867283549	0.005878779166617452	0.005856883393472873	0.0058636702585692655	0.005896458149837112	0.005952004663281759	0.0060266080576280535	0.006116214501948203	0.006216531932064023	0.006323149953588965	0.0064316644380181245	0.0065378039196749916	0.0066375536506530644	0.006727272272720737	0.006803795780846691	0.006864525440532069	0.006907495070866322	0.006931408090363935	0.00693565340353952	0.0069202997692907635	0.006886066614663323	0.0068342766287196495	0.006766793699360239	0.006685949874080298	0.006594471300234273	0.006495400502056221	0.006391993732017666	0.006287634869365811	0.006185753019652913	0.006089734734609928	0.006002838385700426	0.005928110644962171	0.005868306585529035	0.005825815647157083	0.005802595750147452	0.005800118268723981	0.005819326618409139	0.005860610862192876	0.00592379995870911	0.006008172006495851	0.006112481245634415	0.00623499930692784	0.006373567638291509	0.006525658201936689	0.00668844318496391	0.006858876430892422	0.007033776280949999	0.007209918506095377	0.007384141054456388	0.007553414702204814	0.007714889409312021	0.007865933803278552	0.008004180820923223	0.008127560935128902	0.00823435713710949	0.00832329960160619	0.008393597843366568	0.008444948977108926	0.008477542096876458	0.008492046254089121	0.008489593372254722	0.008471756831394736	0.008440492665572607	0.00839802580827577	0.008346738572633862	0.008289097294511275	0.008227632972407735	0.008164964121850936	0.008103791829056246	0.008046859937500045	0.007996873893255567	0.007956398702776825	0.00792776523265694	0.007912984838278582	0.007913689691135388	0.007931097300265269	0.007965984813505127	0.00801866635884399	0.008088976919280831	0.008176269306794656	0.008279425752256238	0.008396882976954	0.008526670752931306	0.008666464010980474	0.008813647216149184	0.008965388742400276	0.009118722412775442	0.009270632986450783	0.00941814221424487	0.009558392181170697	0.009688723007212336	0.009806742486355907	0.00991038568178833	0.009997962638788101	0.010068192334332227	0.01012022136159999	0.010153627158602132	0.010168407384208147	0.01016495826371783	0.010144044883310407	0.01010676583717149	0.010054513898078325	0.009988933856360247	0.009911878327448755	0.009825361998116289	0.009731514510479771	0.009632532122888487	0.009530628452446668	0.009427984914370045	0.009326701873173662	0.009228751955890915	0.009135937323615216	0.009049852774014228	0.00897185622379881	0.008903047422418285	0.008844254874329346	0.008796030181394026	0.008758648594287677	0.008732114556132207	0.00871617132505784	0.008710314167252773	0.008713806931346905	0.008725701964468301	0.008744863335756465	0.00876999327475227	0.008799661672172596	0.008832338437228181	0.008866428432912816	0.008900308603291374	0.008932366780079916	0.008961041537825317	0.00898486236907218	0.009002489354370936	0.009012751368238344	0.009014681659457012	0.00900754937836066	0.008990885356984184	0.008964500289139376	0.00892849352401455	0.008883251053772388	0.00882943193895653	0.008767943289898961	0.008699904869528973	0.008626605251774881
4.4505895925855405	1.29937365274368e-7	2.0576609742809218e-6	1.0218212292059736e-5	3.139846336838292e-5	7.38769315557411e-5	0.00014636236121288548	0.000256871150001203	0.0004116885701762806	0.0006145427097717592	0.0008660863174770292	0.0011637361590966272	0.0015018695672344576	0.001872331349854794	0.0022651678447855035	0.002669483305346306	0.0030743089061220585	0.003469385580876416	0.003845785338221264	0.004196326696085503	0.004515772837923293	0.004800830785796041	0.005049992264680077	0.005263269677354511	0.005441883284504622	0.005587949553508143	0.005704208204900189	0.005793809879119222	0.005860170694643899	0.005906886857397314	0.005937693595670275	0.005956448677570031	0.005967121285372857	0.005973770993464594	0.005980507526430079	0.005991428297802907	0.0060105361257705575	0.00604164312231568	0.006088268237800766	0.006153535516064841	0.00624007837214446	0.006349952945498241	0.006484561601961589	0.006644586562698357	0.006829933720743861	0.007039687895990597	0.007272082690586113	0.007524490132603504	0.007793436767522696	0.008074653199779546	0.008363162948176898	0.008653413822756032	0.008939451130379113	0.009215127414792747	0.009474338906556525	0.00971127501502766	0.009920664818938564	0.010098003877157882	0.010239745973956566	0.01034344744263897	0.010407855681776247	0.01043293933516929	0.010419860978318296	0.010370898426913213	0.01028932430604919	0.010179253867530146	0.010045472959404078	0.009893256273212692	0.00972818479266674	0.009555969128558372	0.009382283306844793	0.009212611702386535	0.009052108739611356	0.008905473057279947	0.008776843556407577	0.008669707843867641	0.00858682565657735	0.008530172769445479	0.008500905194217541	0.008499345982897082	0.008524995629534371	0.008576559410886206	0.008651995608988385	0.008748609480008452	0.008863146090620664	0.00899189268492968	0.009130797879231054	0.009275591381155352	0.009421905539362747	0.00956539123772072	0.009701825211717759	0.009827206677491079	0.0099378417657247	0.010030415284216783	0.010102050140044195	0.010150355443966828	0.010173465047611612	0.010170068954161615	0.010139439911615622	0.010081456035100007	0.009996617795559697	0.009886051758195078	0.009751490794259634	0.009595235099133575	0.009420081005864092	0.009229226011922395	0.009026205506697818	0.0088148336124992	0.008599122060882548	0.008383169556991692	0.008171044869284909	0.007966659865607352	0.007773622973987854	0.007595148088978195	0.007433987023450005	0.007292375196933892	0.007171998723526922	0.0070739709406328274	0.006998816418847577	0.006946490285086505	0.006916450608344363	0.006907737475888846	0.0069190227781574425	0.00694861182082204	0.0069944129891473215	0.007053946329641641	0.00712439583203945	0.007202699267177926	0.007285645893408829	0.0073699612716920685	0.007452401725869359	0.007529842090650717	0.007599342369526999	0.007658205923592429	0.007704040987462148	0.007734823476196526	0.007748952714129508	0.007745294790567775	0.0077232115733024366	0.007682573853748715	0.0076237568414081885	0.007547617650491015	0.007455456913203931	0.0073489682362087696	0.007230179542726099	0.007101389970631197	0.0069651052379308765	0.006823973416731007	0.006680722141493237	0.006538097730868311	0.00639880671605957	0.00626546067317191	0.006140525463662901	0.006026275502935584	0.00592475280027456	0.005837730075972295	0.005766677619554739	0.005712734312981656	0.0056766838843452655	0.005658937771669721	0.005659525955956445	0.005678096805819068	0.005713926476113025	0.005765937883695035	0.005832728841916748	0.0059126085613896385	0.006003641363682252	0.006103696086391347	0.006210499327820883	0.006321690485929926	0.006434876596560298	0.0065476853161921	0.006657814950155996	0.006763081012097901	0.006861459208987643	0.00695112486837324	0.007030488696994498	0.00709822851854212	0.007153316428686822	0.007195040710158689	0.007223021865578855	0.0072372221866986415	0.007237948322055515	0.007225846321820648	0.007201888679635578	0.007167353023305768	0.007123792362496291	0.007072997164533533	0.007016949947599746	0.006957773497619277	0.006897674191032704	0.006838882220874465	0.006783590766155802	0.006733896293232243	0.006691742197705217	0.006658867854056276	0.006636764832717207	0.006626641606677179	0.006629397568885792	0.006645606689590876	0.00667551071315205
4.581489286485115	0.03675206581110337	0.036443702201660634	0.03594113648086759	0.03526076330546731	0.034423988920218786	0.03345577343762495	0.03238301964891995	0.031232971847224525	0.03003177598609308	0.028803321873578272	0.027568444430288348	0.026344511369475267	0.02514537643967514	0.02398163723511507	0.02286110933302382	0.021789416532899036	0.020770600044413914	0.019807665121243625	0.018903007784398348	0.018058692095045795	0.017276575242326536	0.016558299717948612	0.01590518665258613	0.015318071151754173	0.014797119801970522	0.014341664129499887	0.01395007400125244	0.013619684173834983	0.013346777487822446	0.013126620982095346	0.012953547090934487	0.012821070950789824	0.012722035959691172	0.012648782034890005	0.012593333374317237	0.012547604001616872	0.012503619387071709	0.012453750867481671	0.012390956760879883	0.012309020655089334	0.012202774194098558	0.01206828963555276	0.011903027163432256	0.011705923742572654	0.011477414136909751	0.011219380134489573	0.010935030287065989	0.010628718676468038	0.010305716463772029	0.00997195353129497	0.009633748939748147	0.009297548127037958	0.008969682015111531	0.008656159017615052	0.008362496129069719	0.008093590519206264	0.007853629087010183	0.007646030678239171	0.007473414335954501	0.007337587235129361	0.007239546451656844	0.007179491570540671	0.007156846428684498	0.007170289808343429	0.0072177968848016584	0.007296692671416219	0.007403718895735323	0.007535114480588505	0.007686708538225622	0.00785402339255867	0.008032384011953947	0.00821703103612071	0.008403232319933042	0.008586383354699516	0.008762101470035392	0.008926310477693081	0.009075312590059677	0.009205848986020603	0.009315149335422759	0.009400971665458358	0.009461640399762541	0.009496078656405381	0.009503809943569806	0.009484969116364548	0.009440307363735025	0.009371179408476623	0.0092795221985048	0.00916781788159817	0.00903904350462085	0.008896607115817735	0.008744271066333699	0.008586064529153907	0.00842618794056339	0.008268912573907604	0.008118478555619688	0.007978994206159907	0.00785433881838128	0.007748070553039073	0.007663341236785529	0.00760282029496882	0.007568633749672884	0.007562326811180741	0.007584845332388443	0.0076365411873827865	0.007717197767841348	0.00782603015864304	0.007961672431317528	0.0081221849592627	0.008305100611951291	0.008507481677226189	0.00872598032687119	0.008956939421808504	0.009196478688920146	0.00944057253030846	0.009685131723242847	0.00992608442661178	0.010159464066013027	0.010381507676849847	0.010588730677623068	0.01077794523557483	0.01094626366228449	0.01109113340925913	0.011210436037520784	0.011302639517617577	0.01136690970175847	0.011403146780377937	0.011411956797637632	0.011394599731625155	0.011352944505519304	0.01128940492896264	0.011206860179352289	0.011108581917493124	0.01099816194500299	0.010879424039044317	0.010756320520341624	0.010632826504882995	0.010512842512013268	0.010400108508764536	0.010298128427403144	0.010210105040765334	0.010138885887184425	0.010086919697740268	0.01005622173638686	0.010048346503513167	0.010064366867525912	0.010104859508781398	0.010169897353938839	0.010259050191451577	0.010371394620522846	0.010505533736409065	0.010659625720739354	0.010831419576284031	0.011018296443298983	0.01121731608217495	0.011425269053186133	0.01163873512092809	0.01185414778802457	0.012067864157665899	0.012276238597392635	0.012475697970037064	0.012662815854768292	0.012834383350690856	0.012987474480196699	0.013119504622031354	0.013228280779483811	0.013312042926232085	0.013369496206970852	0.013399834307153302	0.013402754668814713	0.013378466245586125	0.013327690081213317	0.013251652257565737	0.013152067978963412	0.013031115109665314	0.012891395614393423	0.012735884078112042	0.012567863598921867	0.012390850564825131	0.012208510869976335	0.012024570816708718	0.01184272622652679	0.011666553203712718	0.01149942368599389	0.011344428501549717	0.011204310195091266	0.011081407391527145	0.010977611920060018	0.010894339334710781	0.010832512880236553	0.010792560414841758	0.010774423345456025	0.010777576264203429	0.010801055688662206	0.010843496101760023	0.01090317137313066	0.010978039646039444	0.011065789913801449	0.011163888795362883	0.011269626440029426	0.011380161010420007
4.71238898038469	1.2993736527251947e-7	2.058327135009745e-6	1.0231468294874393e-5	3.149038873588375e-5	7.426306237607214e-5	0.00014756402600530656	0.00025992742389147717	0.00041840454575785383	0.0006277436151218989	0.0008898406187279927	0.0012035103636371335	0.0015645831258362726	0.001966290903597677	0.0023998742599272973	0.0028553201434724433	0.0033221347567681716	0.0037900629608321515	0.004249684268899596	0.004692841161561041	0.00511288360035964	0.005504739777018204	0.00586484375151023	0.006190963488675722	0.006481977197169857	0.006737642510849366	0.006958393722371806	0.00714518940983714	0.0072994189718999505	0.0074228641101135385	0.007517701879651207	0.007586530513723937	0.007632397963899913	0.007658815451046013	0.007669743260343409	0.007669542260826094	0.007662890906372327	0.0076546727146750175	0.0076498427191110255	0.007653282873297677	0.007669656006080781	0.00770326615468387	0.007757930621598142	0.007836866616411782	0.007942593453902113	0.008076850348118603	0.008240529949619253	0.008433628715865229	0.008655216568309365	0.00890342955387777	0.009175489893271818	0.009467757504000085	0.009775815681132678	0.010094591217703805	0.010418506185599476	0.010741655350827306	0.011058000331794472	0.011361569615615191	0.011646652774242741	0.011907977848870897	0.012140862463016858	0.01234133289356728	0.012506207393124165	0.012633144488591963	0.012720659634314268	0.012768115500196653	0.01277569234769542	0.012744344945819634	0.012675751438347621	0.012572258010150559	0.012436821313425139	0.012272948802625102	0.012084634055358909	0.011876286296913894	0.011652657125629143	0.011418754927963591	0.011179749205383503	0.010940865476776996	0.010707273691620294	0.01048397349077806	0.010275680884325398	0.010086714812569607	0.009920891485116136	0.009781452666532279	0.009670997274867381	0.009591427825224062	0.009543920309975666	0.009528912482647813	0.009546109007489036	0.0095945028793949	0.009672410414021096	0.009777517780011458	0.009906937346778241	0.010057272402828733	0.01022468919622969	0.010404995672403557	0.010593726805845041	0.010786237033013618	0.010977800527301329	0.011163719586020018	0.01133943991485166	0.01150066509068426	0.011643456169562326	0.011764317938809702	0.011860263221899725	0.011928842458167985	0.011968185832086692	0.011977071949028023	0.011954977696249232	0.011902063004746973	0.011819126443741638	0.011707569832773324	0.011569320782460353	0.011406744909611313	0.011222580336453953	0.011019876607070522	0.010801934111781542	0.010572239847036516	0.010334392960317011	0.010092046199285306	0.00984889345633124	0.009608666600406728	0.00937509325028014	0.00915178817655042	0.008942088129354259	0.00874892327704468	0.008574764613821206	0.008421612320294822	0.008291002565484545	0.008184010374630646	0.008101241963830235	0.008042829082030764	0.00800842874660111	0.007997230564738477	0.0080079793281288	0.00803901384236175	0.00808831462198116	0.008153554400740658	0.008232150213895952	0.008321317915362291	0.008418129278542161	0.008519570318965275	0.008622599043788872	0.008724201462742531	0.00882144538742576	0.0089115318302287	0.008991843698918714	0.00905999111188984	0.009113852276768728	0.009151608817546432	0.009171774971020412	0.009173221050034203	0.00915519219516808	0.009117322879571706	0.00905964618640606	0.008982595903073745	0.008886999803138321	0.008774063602902985	0.00864534608858509	0.00850272653262906	0.00834836591706991	0.008184663684325235	0.008014211616003542	0.00783974604380054	0.00766409915548897	0.007490149839037966	0.007320774305140843	0.007158796592785187	0.0070069390157690885	0.006867772722102451	0.006743668845937964	0.006636751177082953	0.006548851723917957	0.006481470842620092	0.006435743632823318	0.0064124140436724935	0.006411817684739357	0.006433873826131476	0.006478086614163071	0.0065435551924429404	0.006628992225425235	0.006732750247068306	0.006852855240641532	0.006987046826529723	0.007132824339405649	0.00728749789723569	0.007448243329068234	0.007612159595236932	0.007776327166900225	0.007937865778658303	0.008093990048720686	0.00824206167084023	0.008379637193538096	0.008504510767706648	0.008614751604006507	0.008708736178176649	0.008785175409679434	0.008843137087647808	0.008882063715814672	0.008901785706352156	0.008902529516068028
4.843288674284264	0.04781777596104971	0.04750927731431778	0.04700564520224582	0.04632174631480518	0.045476844808284365	0.04449330095128947	0.04339513813008213	0.04220662375654577	0.04095099912343599	0.03964946646091505	0.03832050301389353	0.03697952795395342	0.035638904811010674	0.03430822564201875	0.03299479761615721	0.03170424031956958	0.030441102927375747	0.02920942258450189	0.028013165608391694	0.026856517500341053	0.025744012264884323	0.024680512847594066	0.023671070306454465	0.022720698540573746	0.021834104088070055	0.02101540768669115	0.02026788758380728	0.019593765840478467	0.01899404985228233	0.018468433408516425	0.018015255726494903	0.017631513373260816	0.01731291866552838	0.017053998480659183	0.016848228658816498	0.01668820052886689	0.016565816868109467	0.016472514373682294	0.016399508361866308	0.016338053122414927	0.01627970860766306	0.016216601558592836	0.016141667417666736	0.016048858988643232	0.01593330908848182	0.015791437402395605	0.01562099610118612	0.01542105394788978	0.015191923891832949	0.014935043774992746	0.014652823107021137	0.014348470514325432	0.014025816208737144	0.013689141945113717	0.01334302767755643	0.01299222025227408	0.012641525477748819	0.012295721485579591	0.01195948881869644	0.011637351645254599	0.011333624007936596	0.011052356969513316	0.010797283326904957	0.010571759838512615	0.010378707495868092	0.010220553376255223	0.010099177458320634	0.010015868407874882	0.0099712916489133	0.009965471995612487	0.009997791805977053	0.010067005600322207	0.010171268546777657	0.01030817349713673	0.01047479946409425	0.010667766131836351	0.010883294991622001	0.011117273674700718	0.011365323567985286	0.011622869831659092	0.0118852202914113	0.012147651292400858	0.012405477447713567	0.01265413411780159	0.012889264603555143	0.013106805958682738	0.013303067247210027	0.013474805587852122	0.013619292011782191	0.013734365727202371	0.013818475159062685	0.013870704130972389	0.013890782444103453	0.01387908083846968	0.013836590828858636	0.013764889993168957	0.013666093089426496	0.01354278958059224	0.01339796871533182	0.01323493402049474	0.013057215457677698	0.012868498065384565	0.012672568972652216	0.012473267123464506	0.012274448532239248	0.012079950414645041	0.011893501913973167	0.011718619106724717	0.011558567661112157	0.011416370015426799	0.011294756842241288	0.011196119276825471	0.011122509975561029	0.011075615057993121	0.01105671413810389	0.01106664892726259	0.011105802421644629	0.011174098998662096	0.011271007480201828	0.011395509872923636	0.011546059193809166	0.011720580937887073	0.011916551692764505	0.012131155817810086	0.012361419031964041	0.01260426329417306	0.012856545302325266	0.013115076658079322	0.013376626935351838	0.013637960590566753	0.013895900550773527	0.014147390120593897	0.014389543012831579	0.014619676002092815	0.014835324496812222	0.015034251183192293	0.015214457046695514	0.015374198121110016	0.015512008260905638	0.015626726126686665	0.015717523864661482	0.015783935726426578	0.01582588471985363	0.015843704489673954	0.01583815331243742	0.015810417689121767	0.01576210426588252	0.015695220207670096	0.015612143073250607	0.015515581230619116	0.015408525066705056	0.015294188741664197	0.01517594321675723	0.015057243516041504	0.014941554827362036	0.01483228170226771	0.014732702767858671	0.014645911509450972	0.014574762773105307	0.014521824533653901	0.014489334577806644	0.014479161865340562	0.014492772587638375	0.01453120130057251	0.014595027795566935	0.014684360568033019	0.014798827938163598	0.014937578071737137	0.015099289189604848	0.015282190976022616	0.015484097552152876	0.015702451493798054	0.015934377469949693	0.01617674337277883	0.016426226393511652	0.01667938134698156	0.01693270860616618	0.017182719254680696	0.017425995486417267	0.0176592448378468	0.017879347477837444	0.01808339645020705	0.01826873139460013	0.018432966768177093	0.018574015876064002	0.01869011206183747	0.01877982821658061	0.01884209535733179	0.018876220440351033	0.018881902881643195	0.018859248567064047	0.018808779585147956	0.0187314376398889	0.018628579177298727	0.018501960677989458	0.018353713232535318	0.01818630629473567	0.01800250128434791	0.0178052964057719	0.01759786460743497
4.974188368183839	1.2993736527071714e-7	2.058995025009505e-6	1.0244785631373281e-5	3.1582981051887985e-5	7.465324573219076e-5	0.00014878295160609633	0.0002630414089693818	0.00042528221628068875	0.0006413401803424906	0.000914464390408714	0.0012450347486509384	0.0016305710674682898	0.0020660074804015123	0.0025441754115223987	0.003056419282358622	0.0035932621753357705	0.0041450434997628224	0.004702465271608317	0.0052570046601763615	0.005801174155649232	0.006328633361066582	0.006834174963219707	0.007313619873465924	0.007763662017931632	0.008181702088764876	0.008565702943513036	0.008914089050054492	0.00922570045653575	0.009499800178650777	0.009736124263780987	0.009934957228605216	0.010097212601729312	0.010224498882774274	0.010319154800897465	0.010384243401336988	0.010423501097087175	0.010441244271367106	0.010442241339274851	0.010431561698031428	0.010414414407082089	0.010395988816059529	0.010381307106430178	0.010375095462467723	0.010381677063020255	0.010404886955664367	0.010448006641184787	0.010513715107561801	0.010604053093821841	0.010720398281146555	0.010863450497109283	0.011033227420524998	0.011229072267767906	0.011449675304386486	0.011693110564185363	0.011956888131070485	0.012238020811371876	0.012533102491456073	0.01283839418523722	0.013149913086946718	0.013463519683750045	0.013774999431203703	0.014080135582585312	0.014374772892000773	0.014654871911345041	0.014916557059874323	0.015156160634487442	0.01537026644681701	0.015555755801937604	0.01570985761348884	0.01583020298407868	0.01591488299225986	0.015962505530308663	0.015972248400420382	0.015943906413047024	0.01587792339470472	0.01577540964626917	0.015638136496010247	0.015468510401107334	0.015269525951019935	0.01504470034309791	0.014797986436504406	0.014533670127401222	0.014256277975039448	0.013970476424342215	0.013680969438879033	0.013392397981510722	0.013109254708230274	0.012835806226852839	0.012576026902571051	0.012333544446565476	0.01211159611227901	0.011912994567495486	0.011740102383469913	0.011594814167957476	0.011478545686210604	0.011392229834222611	0.01133631992080266	0.01131080107087449	0.011315210905933702	0.011348670718354483	0.01140992231143092	0.011497355549460358	0.011609031791528203	0.011742725166717677	0.011895949869749818	0.012065969187485606	0.01224985400951034	0.012444563546304896	0.01264696309373887	0.012853821161067461	0.013061888324201893	0.013267958295266917	0.013468850742241578	0.01366143367744195	0.013842673936097477	0.014009683619759234	0.014159763010593409	0.014290427463683211	0.014399436404243177	0.014484868593010854	0.014545220363821854	0.014579460770985165	0.014587006357887969	0.014567619304295154	0.01452134151544847	0.014448515516701038	0.01434978844501678	0.01422611214549382	0.014078772947694398	0.013909390016251562	0.013719875748451071	0.013512384928210677	0.013289270147634905	0.013053053996570488	0.012806414295418471	0.012552167968117492	0.012293244129546708	0.012032646276467851	0.011773406002029278	0.011518530626222963	0.011270947768559471	0.011033449882389778	0.010808641386927692	0.01059889083765588	0.010406290181029093	0.010232622287222987	0.010079336845686413	0.009947533736469066	0.00983795257883677	0.009750967586864877	0.009686587942071318	0.009644464720263408	0.00962390492105431	0.009623891470208451	0.009643106723336356	0.009679957170284657	0.009732598389629948	0.00979896081879064	0.009876777842665904	0.009963617804833074	0.010056921029641156	0.010154042200559205	0.010252297697024808	0.010349016830420525	0.01044159537397004	0.010527549340344845	0.010604566610193406	0.010670553810910666	0.010723675909593314	0.010762386424389809	0.01078544698237272	0.010791936027808521	0.01078124757057755	0.010753081716152066	0.01070742920740618	0.010644552343076161	0.010564964479485336	0.010469409921425135	0.010358845427308224	0.010234423897727192	0.010097480195746026	0.009949518524331883	0.009792200378471819	0.009627331812471352	0.009456848656410506	0.009282798424968415	0.009107318002142864	0.008932606721575477	0.008760895110317963	0.008594410208613746	0.008435338898313355	0.00828579096817954	0.008147763662408979	0.008023109211134133	0.007913506408419091	0.007820436808936801	0.007745165682659261	0.007688727576605048	0.007651916200738149	0.007635278345720198
5.105088062083414	0.06739250523194218	0.06708387581478298	0.06657920869337726	0.06589187698622521	0.06503903028041466	0.06404042662019788	0.06291715263634769	0.06169036196371678	0.06038015287977951	0.05900468250474339	0.05757958096490621	0.056117689896107416	0.054629111142025365	0.05312151851098443	0.05160066174401851	0.05007097944801483	0.048536236865501965	0.04700011356470326	0.04546668282602321	0.04394074543155127	0.04242800243464165	0.040935071429430966	0.039469366749155355	0.038038874705786895	0.03665186015199728	0.035316540771694806	0.03404076160505178	0.03283169570917874	0.03169558894193298	0.030637558913130924	0.029661451198425715	0.028769750639052644	0.02796354226421426	0.027242515021915298	0.026605001737609612	0.02604804997964447	0.025567520146925465	0.02515820849181032	0.024813993480604632	0.024528003633581857	0.024292803799179735	0.02410059497042143	0.023943420694756634	0.023813371383009225	0.02370277687377136	0.023604377790173867	0.023511467653610337	0.02341800026160806	0.023318660146497538	0.02320889750774331	0.023084932284220924	0.022943734571210794	0.022782989868271524	0.022601057793177504	0.022396931637499326	0.022170204040287217	0.021921041324540046	0.021650166230082757	0.021358846286476375	0.021048883456549355	0.020722599441484617	0.020382811976960933	0.020032796971769757	0.0196762352844492	0.019317142434809587	0.01895978325673287	0.018608574672518804	0.01826798103049068	0.017942407183020186	0.017636094477820285	0.017353024338181647	0.017096834509299882	0.016870748616044717	0.016677519290593277	0.016519388144896462	0.01639805725572437	0.016314677398534348	0.01626984714317679	0.016263621035327653	0.01629552541405224	0.01636458477514584	0.016469358797799694	0.016607972841295126	0.016778150450726	0.01697725482520938	0.017202341078426987	0.017450207380155944	0.01771744577539083	0.01800049632681115	0.01829570150616267	0.01859935963267123	0.018907776392264323	0.019217313346609963	0.01952443245394837	0.019825735666426866	0.020117998469030146	0.020398195838554085	0.0206635189719493	0.02091138098445543	0.02113940992042987	0.021345436941089185	0.021527510169441485	0.021683944338629985	0.021813344253240486	0.021914600708600986	0.021986917100630415	0.022029805895398446	0.0220430488536614	0.02202672914839608	0.02198134109604925	0.02190777715544563	0.021807245240703956	0.021681317268001637	0.021531951620342382	0.02136144353652317	0.02117236845933261	0.020967529603725384	0.020749920210031598	0.02052268927212729	0.020289054835430788	0.020052160731871316	0.019814971552212166	0.019580289416719857	0.01935089073513103	0.019129618287777792	0.01891931276565742	0.018722747553165216	0.01854261666214954	0.018381489423089106	0.01824175209690174	0.018125571798532667	0.018034884279397975	0.017971382867131236	0.017936487142053977	0.01793129342857865	0.01795652729675773	0.01801251325534338	0.01809916128464903	0.018215964794667073	0.0183620084899955	0.01853598637122465	0.018736228653414455	0.0189607355233936	0.019207215751713812	0.019473128410745156	0.019755726428756695	0.020052101555386146	0.02035923117717781	0.0206740276701021	0.02099339007627814	0.021314255964783466	0.02163364964195902	0.021948723180524893	0.022256789245401584	0.022555347297442647	0.022842105556218375	0.02311500041319477	0.023372213780164592	0.023612187418453886	0.023833632146527048	0.02403552984654256	0.02421712744119842	0.02437792363401653	0.024517650398219043	0.02463625175546808	0.02473386251564633	0.0248107895786607	0.02486749815202462	0.024904604690248282	0.024922877410441486	0.02492324392210769	0.024906804062469107	0.024874844838554122	0.024828853807757734	0.02477052740569957	0.024701771487351268	0.024624692391619407	0.024541577940134604	0.02445486879516363	0.02436712141271008	0.024280964350253537	0.0241990499319691	0.024124003345810826	0.024058371277044927	0.024004572224569486	0.0239648506378068	0.023941236829925428	0.023935514177840084	0.023949194418885666	0.023983501007654395	0.024039359672940394	0.024117394685758988	0.024217929040965147	0.024340986814745693	0.02448629634642968	0.024653293490497136	0.02484112484468931	0.0250486514435115	0.025274453808651978	0.02551683940873707
5.235987755982989	1.2993736526901608e-7	2.0596189559255063e-6	1.0257250632975144e-5	3.166986424832104e-5	7.502049429224042e-5	0.00014993440570894745	0.00026599544088366393	0.00043183799981457853	0.0006543705613160375	0.0009382050265347291	0.0012853362717473928	0.0016950829060179936	0.002164268295153207	0.00268759476834537	0.0032581466427778548	0.0038679507383925656	0.004508526188670383	0.005171366916681396	0.005848317464609286	0.006531822799720667	0.007215052200819719	0.007891913796566008	0.008556988016540347	0.0092054142758773	0.009832765668527725	0.010434942042101394	0.011008103828154444	0.011548658939260133	0.012053304503015401	0.01251911562970682	0.012943665965803854	0.013325160244532744	0.013662557741789235	0.013955667368379885	0.01420519956229939	0.014412766357760209	0.01458082798584504	0.014712591056362995	0.014811868854088533	0.014882917880195176	0.014930266145860988	0.014958547912960418	0.014972356939657526	0.014976126435122819	0.014974039579455622	0.014969970333057235	0.014967450916411799	0.014969660149646203	0.014979425915768568	0.01499923524138183	0.01503124659190283	0.015077300560907654	0.015138926892632687	0.015217347232175146	0.015313474163277932	0.015427907698680065	0.015560930584155397	0.01571250365068703	0.015882262200019363	0.016069513884014407	0.01627323907850054	0.01649209344887639	0.016724414436846084	0.01696823147262722	0.017221281880510014	0.01748103364055644	0.017744716165225813	0.018009360189137034	0.018271847177913924	0.018528967934343495	0.0187774892881788	0.01901422601481406	0.019236115910816035	0.019440293804322686	0.019624160399275878	0.01978544689724621	0.019922264446892865	0.020033139657184996	0.02011703547509196	0.02017335683786042	0.020201935588538965	0.020202994661215085	0.02017711773136713	0.020125210256323304	0.02004845067271208	0.01994823516111848	0.019826124349984698	0.019683800884294018	0.019523031004175812	0.01934563286133271	0.019153452787651615	0.01894834900751635	0.01873218185858818	0.018506809241050436	0.01827408590026842	0.018035865406331206	0.017794004326969228	0.017550368759666146	0.01730684410555279	0.01706534887510509	0.016827844252923677	0.01659631105589739	0.01637268904996285	0.016158850611271817	0.015956620512378478	0.015767763427317234	0.015593961273405838	0.015436801443510515	0.01529771050918856	0.015177848106519468	0.015078130540838766	0.014999310810455753	0.014941922413268067	0.014906223568074264	0.014892212118098129	0.01489965473194809	0.014928104943883837	0.014976900214688475	0.015045149435381384	0.015131766610064797	0.015235557960442363	0.015355276060439807	0.015489570634613481	0.01563686371287552	0.01579531112283333	0.015962922244569456	0.016137647238470547	0.016317372319627408	0.016499930338842148	0.01668313968845409	0.0168648319228548	0.017042855878766035	0.017215078628763245	0.017379404280649848	0.017533812581953745	0.017676402039372045	0.01780542463256374	0.017919312201611765	0.018016698927222328	0.018096439915222678	0.0181576232311702	0.018199574333336674	0.018221853768331693	0.01822424956151514	0.018206765705427924	0.018169607839151974	0.018113166529886513	0.01803799780700416	0.017944800412685834	0.017834390160898255	0.017707673641195652	0.017565624921138178	0.017409268207470237	0.01723966673461232	0.01705791588869404	0.016865138508910395	0.01666248139178287	0.016451112657584078	0.016232219922320986	0.01600700969769017	0.015776708700045307	0.015542567242240235	0.015305863897614833	0.015067909884973571	0.014830051472420952	0.014593668951659783	0.014360171084005122	0.014130984264866883	0.013907536084685965	0.013691233579118332	0.013483437233328998	0.013285432549836966	0.013098401437383998	0.012923395643066141	0.01276131397265178	0.012612884369956742	0.012478651316699564	0.0123589685871371	0.012253997132289344	0.012163707723877851	0.012087887906275989	0.0120261527299717	0.011977958630069572	0.011942619667263878	0.011919325207236485	0.011907158039138636	0.01190511198235196	0.01191210823167612	0.011927010026046883	0.011948635630590213	0.011975770005941794	0.01200717581222812	0.012041604492671774	0.012077808083222756	0.012114552134432964	0.012150629788095259	0.012184876714008244	0.012216186350219543	0.012243524738966742	0.012265944223362926
5.366887449882563	0.10639545535411528	0.10608670841199717	0.1055811091862522	0.10489067691152942	0.10403062716211531	0.1030183082864229	0.10187204225519515	0.10060998770557711	0.09924913464139763	0.09780451912713052	0.09628871596197315	0.09471163237655916	0.09308059116258886	0.09140066172852811	0.08967517566155997	0.08790635127833045	0.08609594961874593	0.08424589125658861	0.08235877704271571	0.08043827379843026	0.0784893453015848	0.07651832722758994	0.07453286015636416	0.07254170614916579	0.07055448122854246	0.06858133844331522	0.0666326346102699	0.0647186091504421	0.06284909671176381	0.061033287575247154	0.05927954220736722	0.057595259625800664	0.05598679413972704	0.05445941187496256	0.05301727735358767	0.05166346102790446	0.050399960593340766	0.04922773150665639	0.04814672477213533	0.047155932178191744	0.04625344040443269	0.045436495643181744	0.04470157969711011	0.04404449721929365	0.04346047225407241	0.04294425092422893	0.042490206315266475	0.04209244151199496	0.041744887347168004	0.0414413925812584	0.04117580564863028	0.04094204857167497	0.04073418464239276	0.040546482111894676	0.04037347604783988	0.040210029854632616	0.040051396896152114	0.03989328134422568	0.03973189607996275	0.03956401454853029	0.03938701266135291	0.039198897443945856	0.038998318310143894	0.03878455928039453	0.03855751147326955	0.038317625784517695	0.0380658483394024	0.03780354204561711	0.03753239871987339	0.037254346834233364	0.036971460121561196	0.03668587351505161	0.036399708313776424	0.036115009591056256	0.03583369882927078	0.03555754050017731	0.035288126624946216	0.03502687596243794	0.03477504399589649	0.03453374115398555	0.03430395902797485	0.03408660563030977	0.03388253452968091	0.033692553652945476	0.03351744578064709	0.033357982638853444	0.03321493676270172	0.03308908151202894	0.0329811840349816	0.03289199440447179	0.032822230932197466	0.03277256270210355	0.03274359065123946	0.03273582830461038	0.032749682749391586	0.03278543551054284	0.032843221919785	0.03292300690536473	0.0330245543647468	0.03314738718538496	0.03329074853632632	0.03345361582222608	0.033634808249140224	0.033833065870325175	0.03404698243031675	0.0342749292887033	0.03451505574937132	0.034765306955343786	0.03502350382957348	0.0352875378296051	0.035555424772154794	0.035825164059455926	0.03609474523699812	0.03636225150013733	0.03662589206295173	0.03688397718652094	0.03713489627719476	0.03737712802376225	0.03760928188242025	0.03783008606356209	0.038038251888707665	0.0382323373175259	0.03841079830752918	0.03857225306074392	0.038715703811038144	0.038840455277320544	0.038945954234724994	0.03903180437481831	0.03909783288158276	0.03914410413638454	0.03917092427779565	0.0391788576917311	0.03916872818799983	0.03914158031761673	0.03909860394392411	0.03904105160796235	0.03897017625634441	0.03888719449979888	0.038793267111777475	0.038689489595737	0.038576890557259665	0.03845643776015594	0.038329050855505774	0.03819561841704976	0.038057016602474056	0.03791412740066694	0.03776785569065478	0.03761914574782991	0.03746899850026426	0.03731848988575311	0.03716878811353354	0.03702116519057625	0.036876998446233655	0.036737761742021334	0.036605010240917384	0.036480362917427435	0.03636548389466215	0.03626206123560396	0.036171781924885245	0.036096302917049745	0.036037218710292696	0.03599602618371336	0.035974088097461276	0.035972597457794846	0.03599254526437337	0.03603469392289022	0.03609955822972392	0.03618739553730003	0.03629820631765082	0.036431745588585564	0.036587544484021996	0.03676493986182993	0.036963108697361406	0.037181103563707324	0.03741788591319236	0.037672354887164715	0.037943370508564764	0.03822977098578476	0.038530384363726015	0.038844034952798985	0.03916954497889876	0.039505731911481094	0.03985140211696247	0.04020534189453762	0.04056630744535777	0.040933015668044234	0.04130413766335464	0.0416782964010198	0.04205406924109715	0.04242999511265916	0.04280458536901466	0.0431763368477596	0.043543745554665135	0.04390531964451857	0.044259590885909215	0.04460512441953002	0.044940527195936684	0.045264455891018796	0.0455756252850297	0.045872818040088505
5.497787143782138	1.2993736526755268e-7	2.060155935921699e-6	1.0267997095925652e-5	3.17449355871408e-5	7.533867791582432e-5	0.0001509352328848436	0.00026857258953178305	0.0004375815438251689	0.000665840609537549	0.0009592126879978572	0.0013212046167917692	0.0017528610977380263	0.0022528761740845706	0.002817882160945405	0.003442860385392843	0.004121611500075502	0.004847225293010927	0.005612499401286305	0.006410270889862596	0.007233641649537728	0.008076095441492098	0.008931519028683168	0.009794150678405507	0.010658485597759441	0.011519169450707155	0.0123709084396747	0.01320841836736923	0.014026426736211461	0.014819732521883547	0.015583318995335702	0.016312506968821337	0.017003129996920732	0.017651709967539075	0.01825561140913384	0.018813155577004897	0.01932368046185188	0.019787539498078474	0.020206038974654554	0.020581320975601284	0.020916204226119315	0.021213998861568873	0.0214783125600564	0.02171286471582896	0.02192132271804512	0.02210717049161878	0.02227361491914272	0.022423531248624142	0.022559444649025498	0.02268354208403056	0.022797706815090607	0.022903567111828702	0.023002550990846377	0.023095939850618585	0.02318491531586782	0.023270595339041824	0.023354057358774955	0.02343634789711259	0.023518479352121535	0.023601415869458898	0.02368605067240634	0.023773178624002165	0.02386346623910368	0.023957423644185558	0.024055380823400748	0.024157470587897825	0.024263620581845554	0.02437355523541444	0.024486808046508435	0.024602743726914757	0.0247205890021609	0.024839470390299587	0.024958456517733745	0.02507660251246209	0.025192990736696137	0.02530676936977776	0.025417187647886048	0.025523621047695486	0.02562558663023215	0.025722749123313626	0.025814918965026013	0.025902036379684	0.025984137472941416	0.026061330973797963	0.026133776314485355	0.02620164498431112	0.02626508772612611	0.02632420227655323	0.026379007100080214	0.026429423718639915	0.026475265854772844	0.026516236282848545	0.026551931703161013	0.026581855139200205	0.026605434884327542	0.026622048625592015	0.026631051256838054	0.026631805505409927	0.026623715898517978	0.026606268365937876	0.02657907778631603	0.026541933074097027	0.026494796411027883	0.026437729617852148	0.026370851251457328	0.02629441168647616	0.026208865745590056	0.026114860867710806	0.026013187653762242	0.025904676039776687	0.02579004930977484	0.02566993675423926	0.02554502295807121	0.02541605740939984	0.02528377080630752	0.025148837135031063	0.025011891169827338	0.024873552756679213	0.024734416765043565	0.024595007406846923	0.024455774316777854	0.024317186045906155	0.024179820538869842	0.02404431176109573	0.02391115956951041	0.023780616545001663	0.023652821326729925	0.02352796786302699	0.023406306541495777	0.023288084996302704	0.023173521695368213	0.023062790015835288	0.022955997029485645	0.022853171312926954	0.02275427908975147	0.022659265647461166	0.022568098369361664	0.02248079304536546	0.022397423401087444	0.0223181221294354	0.02224307941250651	0.02217254055803782	0.02210680170668147	0.02204620245045633	0.02199111545621028	0.02194193402456338	0.021899058372765384	0.021862880609729806	0.02183376744411919	0.02181203941976077	0.021797946641936048	0.021791643471341073	0.021793166885039916	0.021802422621655656	0.021819179338401388	0.021843067138195324	0.021873576826863885	0.021910059674591226	0.021951730406581393	0.021997676344918518	0.02204687406807315	0.022098213410235726	0.022150527587348087	0.022202627428076827	0.022253337103245074	0.02230152863479708	0.02234615277804851	0.022386264282129396	0.022421039883179422	0.02244978781674058	0.022471948332292883	0.022487085641915056	0.02249487272703128	0.022495071170725203	0.0224875084544075	0.022472054949426303	0.022448602375914922	0.02241704507182123	0.022377265121439848	0.0223291221577365	0.022272448380349388	0.022207049006375466	0.02213270800714133	0.022049198562032985	0.021956297170885607	0.021853799887459096	0.021741538832214247	0.021619397171604007	0.02148732116514719	0.021345328586932732	0.021193513623653248	0.02103204900961518	0.020861186509452873	0.020681256837768117	0.020492669763570375	0.02029591462379159	0.020091560934611046	0.019880258388653167	0.019662735343598827	0.01943979495494494	0.019212308344374377
5.6286868376817125	0.20152849454369984	0.2012196514469546	0.2007132882575765	0.20002030838863005	0.19915432145995063	0.19813065421544707	0.19696527787255624	0.19567376047920448	0.19427034507881413	0.19276723510500848	0.19117414070533115	0.18949810781860557	0.18774362020735894	0.18591293720517363	0.18400660960053108	0.18202410445237036	0.17996446696418375	0.17782695289291403	0.17561157654357865	0.1733195349574693	0.17095348613302166	0.16851767595590608	0.1660179233227704	0.16346148459857252	0.1608568264336307	0.1582133399128592	0.1555410292128457	0.15285020488921242	0.1501512063152357	0.14745417050764545	0.14476885655694316	0.14210452707877155	0.13946988137629543	0.1368730300162548	0.13432149766722568	0.13182224040705998	0.12938166504736226	0.1270056408632187	0.12469949781796437	0.12246800926040376	0.12031536055023888	0.11824510770639647	0.11626013175782553	0.11436259500352568	0.11255390502399927	0.11083469130101048	0.10920479798846662	0.10766329499844941	0.10620850829492225	0.10483806922016446	0.10354898177101844	0.10233770609628147	0.10120025575408313	0.10013230572093824	0.09912930758834519	0.098186607819785	0.09729956455217502	0.09646365820940798	0.09567459123267259	0.09492837255144958	0.09422138328070558	0.09355042109899502	0.09291272176249142	0.0923059570779673	0.09172821166402635	0.09117794076585152	0.09065391255797267	0.09015513971634004	0.08968080525189763	0.08923018776193566	0.08880259117101812	0.08839728539798912	0.0880134589387576	0.08765018454281054	0.08730639880811215	0.08698090167120194	0.0866723706064526	0.0863793881184987	0.08610048093521648	0.08583416564700476	0.08557899856708014	0.08533363414465689	0.08509687943153404	0.08486770426658184	0.08464528194847636	0.08442901232836315	0.08421852189416683	0.08401366573559314	0.08381451624655667	0.08362134031161784	0.08343456953377054	0.08325476588508192	0.08308258506800698	0.08291873972796111	0.08276396383018557	0.08261897790194044	0.08248445303984764	0.0823609704870134	0.08224897170776171	0.08214869077925263	0.0820600765710179	0.08198278348530151	0.081916345047409	0.08186039464981064	0.08181463851441366	0.08177868103850272	0.08175192840363178	0.08173354772414627	0.08172253098065965	0.0817179954636884	0.08171941430599368	0.08172645381083371	0.0817387720067471	0.0817560170505771	0.0817778969054012	0.0818041991250598	0.08183475201566628	0.08186939936801607	0.08190803483912128	0.08195061144927714	0.08199698544432434	0.08204668849305065	0.08209890617738531	0.08215279760144936	0.08220789274789762	0.08226411547066666	0.08232152166551358	0.08238017211252689	0.0824401711416831	0.08250173416480448	0.08256524375424225	0.08263129265220247	0.08270069418954622	0.08277442653738126	0.08285351594320348	0.08293890926073405	0.08303138215215757	0.08313149206220834	0.08323956155305826	0.08335567789423043	0.08347970219133538	0.08361128594351142	0.08374989445383418	0.08389483611708659	0.08404529561186815	0.08420036889551157	0.08435909908969301	0.08452051415523261	0.08468366829667627	0.08484768781671866	0.0850118181018445	0.0851754633729424	0.08533820916275549	0.085499822711422	0.08566023610372703	0.0858195231913385	0.08597787919159187	0.0861356043922137	0.08629308723619418	0.08645078068516836	0.08660916834397374	0.08676872092184945	0.08692984717725706	0.08709284542729596	0.08725786173827042	0.08742485960261115	0.08759360425646558	0.08776366350111577	0.08793442588632032	0.08810513585561246	0.08827494359947859	0.08844296515652868	0.08860834649660304	0.08877032473876471	0.08892828064958647	0.08908177869933998	0.08923059326451689	0.08937472123483849	0.08951438211801961	0.0896500070586282	0.08978221837469652	0.0899118014206976	0.09003967080882287	0.09016683325730161	0.09029434957268197	0.09042329840656689	0.09055474425651315	0.09068971154162637	0.09082916549740128	0.09097399934961281	0.09112502611735711	0.09128297278807268	0.09144847465038015	0.09162206820161713	0.09180418205510539	0.09199512638724278	0.09219508242640388	0.09240409409011087	0.09262206400967982	0.09284875583494878
5.759586531581287	1.299373652664345e-7	2.0605687259691156e-6	1.0276269793859535e-5	3.180283018370844e-5	7.558459876021587e-5	0.0001517107684868432	0.00027057558149465246	0.00044206063114908583	0.0006748194129030735	0.0009757265858509624	0.0013495301581977898	0.001798717864977116	0.0023235833028766003	0.0029224563012355867	0.003592047878412648	0.004327854013580852	0.005124564130586467	0.0059764283562062466	0.006877550291596253	0.007822086943938713	0.00880435241325059	0.00981883509507099	0.010860148252138496	0.011922940110266593	0.013001791957554243	0.014091131318243433	0.015185182704747231	0.01627797152055184	0.017363388330495225	0.018435311937736665	0.019487781505586874	0.02051520124500771	0.021512556684346623	0.022475619712085126	0.023401120572851524	0.024286868584587337	0.025131808985931803	0.02593601022418644	0.026700583233919373	0.027427540923943294	0.028119611419360983	0.02878002207492597	0.02941227266104766	0.03001991549728995	0.03060635798509366	0.031174699454138564	0.03172761003289299	0.03226725491243773	0.0327952633410983	0.033312738290140746	0.0338203001373343	0.0343181560355526	0.03480618584985209	0.0352840355096732	0.035751209294844204	0.036207153809299696	0.0366513280013561	0.03708325545883431	0.03750255723891315	0.03790896496857637	0.03830231716141917	0.03868254017882224	0.03904961973163721	0.03940356718042912	0.0397443852152406	0.040072037442397145	0.04038642568722612	0.04068737742858191	0.04097464470871898	0.04124791458664842	0.041506830371150445	0.04175102252170281	0.04198014480709964	0.04219390638760075	0.04239210783911538	0.04257467304025331	0.04274167290329867	0.042893339608179974	0.04303006987296127	0.04315242022245947	0.04326108644769916	0.043356858355067425	0.04344058854895877	0.043513169535570134	0.04357548016401214	0.04362834150570522	0.04367248669576405	0.04370852823259241	0.043736934512345484	0.04375801788009968	0.04377193293057266	0.04377868477664602	0.04377814671913081	0.04377008604811658	0.043754195917204176	0.043730130690408826	0.04369754279074214	0.043656121387663525	0.04360563668269668	0.04354599571748321	0.04347730283814736	0.043399873051282845	0.0433141426451512	0.04322057376306939	0.043119698003127156	0.043012211907362735	0.04289899953188434	0.04278108880432393	0.04265951461271284	0.04253512257236188	0.042408540290935666	0.04228035190413262	0.042151201155010844	0.04202176010997429	0.041892671114062134	0.04176452356341292	0.041637866385331505	0.04151319581946937	0.04139088923888671	0.04127116806599659	0.041154176682177364	0.041040091826988014	0.04092909852891972	0.040821207075299855	0.04071613165129698	0.040613448549260224	0.04051284560848139	0.04041419511005083	0.040317500571964614	0.04022283008982552	0.04013025344153724	0.04003977864359229	0.03995130805518282	0.039864640852480836	0.039779518407770435	0.039695677838713854	0.039612885398164155	0.03953094907883283	0.03944972300498212	0.03936911147699295	0.03928907350033312	0.03920962647810399	0.039130848025153805	0.03905287527430434	0.038975901430599376	0.03890016944046647	0.03882596210865173	0.03875358708973661	0.03868335488224091	0.038615549415500675	0.03855039435090304	0.03848802209525098	0.03842845326752261	0.03837158997579184	0.03831721950647531	0.03826502141148667	0.038214572965382256	0.0381653529194059	0.038116747278529026	0.03806806159558258	0.038018542547774474	0.037967408673380616	0.037913887357665856	0.03785725346156812	0.037796864838724235	0.037732191059139684	0.03766283311788145	0.037588533066918256	0.03750917324478774	0.037424765406527824	0.037335430891957865	0.03724137399520861	0.03714285153845947	0.03704014185844666	0.036933515837757676	0.03682321157910247	0.03670941340643386	0.03659223547218153	0.036471710309159015	0.036347782843703706	0.03622031035937401	0.03608906855340919	0.035953763229337556	0.035814046469323645	0.03566953550752137	0.035519832168207734	0.03536454079525023	0.03520328313453335	0.03503570953243427	0.03486150683083342	0.03468040416438694	0.03449217825244149	0.03429665963136713	0.03409374067132353	0.03388338536734659	0.03366564003481867	0.03344064339164535	0.03320863421605936	0.032969954874499975	0.03272504946648408
5.890486225480862	0.5472740377370388	0.546965126542413	0.5464582215734234	0.5457634315997876	0.5448932160541463	0.5438614426660099	0.5426823692274595	0.5413696519820275	0.5399354756387641	0.5383898817204467	0.5367403459290827	0.5349916253641195	0.5331458668387573	0.531202941822849	0.5291609543648549	0.5270168571664248	0.5247671080191222	0.5224083032205429	0.5199377347758215	0.517353832185787	0.5146564654029441	0.5118471012860027	0.5089288201436164	0.5059062106772286	0.502785170152169	0.49957264162997506	0.49627632156166585	0.4929043692069663	0.4894651446774277	0.48596699558070683	0.482418104116507	0.4788263979890118	0.47519952060538895	0.4715448495627825	0.46786954800487646	0.46418063137266286	0.46048503237214505	0.4567896493198243	0.45310136686141683	0.4494270427247868	0.4457734589944526	0.44214724080474826	0.43855474892741836	0.4350019552477841	0.4314943115243372	0.4280366221856344	0.4246329313856889	0.42128643329734056	0.4179994128483305	0.4147732219556257	0.4116082938564308	0.40850419569554647	0.40545971688168453	0.40247298840796314	0.3995416261949196	0.39666288993549226	0.3938338478526517	0.3910515374764048	0.3883131129846382	0.3856159705333042	0.3829578456604103	0.3803368777468106	0.37775164059176897	0.37520113845374903	0.3726847718557546	0.37020227802526184	0.36775365269871974	0.36533906086210927	0.36295874445254156	0.3606129346613555	0.3583017759766849	0.3560252709078202	0.35378324544641565	0.35157533109138955	0.34940096556312117	0.34725942374673063	0.3451498649317984	0.3430713918314436	0.34102311743028885	0.33900423596035884	0.3370140889863193	0.3350522306578338	0.33311849463334864	0.33121297928661075	0.32933605949395733	0.3274884071153734	0.3256709747290218	0.3238849561378	0.3221317431954374	0.3204128765271548	0.3187299919980509	0.3170847673473876	0.3154788727684688	0.3139139280904693	0.3123914671361165	0.3109129067405518	0.30947951550415115	0.3080923774363307	0.30675234416382047	0.3054599604809271	0.3042153560941017	0.30301819026202337	0.30186784753251134	0.30076383050158867	0.29970594960537394	0.2986941920551352	0.29772843993667547	0.2968082106177662	0.2959325995644756	0.29510064937480723	0.2943118347106589	0.2935660090413161	0.2928630670064187	0.29220283554004994	0.2915850815898197	0.29100949942614807	0.29047566803190134	0.2899829986947869	0.28953073502901544	0.28911797152467866	0.28874353595378593	0.28840575463838786	0.2881023527289547	0.2878307674693811	0.28758875351807106	0.2873746834984631	0.2871873361850763	0.2870255963889745	0.2868883658625841	0.28677462047851116	0.28668351952552046	0.2866145318793299	0.2865675137605862	0.2865426821568917	0.2865404832726417	0.2865614134074195	0.28660586011507433	0.28667399536329313	0.28676571843587756	0.2868806364489633	0.28701807264962537	0.2871770943352904	0.28735655225771356	0.2875551247028279	0.2877713619041425	0.2880037285980376	0.2882506442884932	0.28851052275685296	0.28878181426637833	0.2890630542212845	0.28935291881443237	0.2896502812811654	0.2899542555014521	0.2902642130714444	0.29057976821685877	0.2909007368775992	0.2912270834645422	0.29155886762148525	0.29189619716414533	0.29223918730828563	0.29258792279150153	0.29294241887007477	0.29330257925030784	0.2936681527884628	0.2940386942639893	0.29441353598166076	0.29479177609901647	0.29517228732375606	0.29555374709662297	0.2959346881049422	0.29631356584247426	0.2966888376707468	0.29705904562393287	0.2974228938396798	0.2977793119486505	0.2981274983278995	0.29846694106301147	0.29879741832674006	0.2991189824156621	0.29943193248369393	0.2997367804852142	0.30003421373642863	0.3003250564552708	0.30061023199372744	0.3008907272827199	0.3011675610652204	0.30144175745036333	0.30171432587821767	0.3019862476686684	0.3022584681479858	0.3025318922821863	0.30280738114599987	0.3030857465831748	0.30336774202874955	0.30365404852108707	0.30394525627304775	0.3042418436234691	0.30454415649265637	0.30485239227070665	0.3051665920653672
6.021385919380437	1.2993736526572991e-7	2.060828550377642e-6	1.0281482075636677e-5	3.183935337987931e-5	7.573997888646959e-5	0.00015220166532240812	0.0002718460822675102	0.0004449084442358651	0.0006805432324875242	0.000986284602184556	0.0013676977120398316	0.0018282318541831134	0.002369262145287349	0.0029902868038868325	0.003689233827032986	0.004462825127113721	0.005306947644995528	0.006216988400186828	0.007188102033163554	0.008215393062741905	0.009294008850099239	0.010419151507657223	0.011586026569092451	0.012789752496841252	0.014025257839297306	0.015287192209652944	0.016569873655427957	0.017867289029583143	0.01917315641071155	0.020481050300923554	0.021784582155544272	0.02307762165066879	0.024354538750230928	0.025610443671213748	0.026841401559138472	0.028044601039218065	0.02921846043317397	0.030362661682370257	0.031478109073793094	0.032566816857566544	0.03363173598491024	0.03467653488188757	0.03570535205272813	0.03672253928865692	0.037732413484611586	0.0387390328535532	0.03974601008275758	0.040756371130083756	0.04177246430844984	0.042795920391482535	0.043827660901705	0.04486794877975947	0.045916473327300915	0.04697245972560326	0.048034792671026484	0.04910214365938173	0.05017309219673433	0.05124623260524838	0.05232026009877961	0.05339403142728647	0.05446660011035415	0.055537224146396204	0.056605351398716926	0.057670586444065454	0.05873264437222484	0.05979129801229732	0.060846324900846925	0.06189745971030664	0.06294435682022213	0.06398656638141419	0.06502352633566516	0.06605457364345128	0.06707896911239425	0.06809592183702241	0.06910463165834553	0.07010433507748444	0.07109434945319558	0.07207411224801806	0.07304321225937709	0.07400141400854408	0.07494866108317379	0.07588503978055	0.07681076096717075	0.07772614711121818	0.07863157643743283	0.0795274193617871	0.08041398598946638	0.08129147803434035	0.08215994453019713	0.08301924706940884	0.08386903798906446	0.08470875346075528	0.08553762262773575	0.08635469259814954	0.08715886697230855	0.08794895324095801	0.08872371414678827	0.08948192171479452	0.0902224186153396	0.0909441963922598	0.09164648838493794	0.0923288230225912	0.09299096676687835	0.09363282770945662	0.09425445618301553	0.09485611541650533	0.0954383331218737	0.09600183809312919	0.096547320809737	0.09707519461798945	0.09758563624799743	0.09807884681206323	0.09855519254951643	0.09901513851820197	0.09945917072274164	0.09988778265480815	0.10030148438249185	0.10070076038158311	0.10108594202964848	0.10145710628536997	0.10181410269589869	0.10215662054913165	0.10248416437296888	0.1027959355519656	0.10309083139485446	0.10336774864837601	0.10362595810752066	0.10386525258537993	0.1040858923778263	0.1042884863910793	0.10447385332834998	0.10464286048818643	0.10479627953369382	0.10493471248731163	0.10505859546483659	0.10516823683623193	0.10526384797007826	0.10534555879757161	0.10541342914646228	0.10546746440278798	0.10550763705500982	0.10553391214931634	0.10554627420243956	0.10554475343890046	0.10552944932985754	0.10550054924559639	0.1054583395057731	0.10540320528537311	0.10533561554982958	0.10525609097057115	0.10516515752434102	0.10506329453908482	0.10495088899697565	0.10482820488899951	0.10469536942716236	0.104552372121039	0.10439907109460207	0.10423520280683142	0.10406039426567242	0.10387417914292417	0.1036760201377973	0.10346533925408712	0.10324155552893453	0.10300412710592304	0.10275259271533599	0.1024866073783392	0.1022059682796402	0.1019106285254312	0.10160069827088652	0.10127643413728223	0.10093821889414417	0.10058653412290064	0.10022192900943831	0.09984498842382528	0.09945630295645697	0.09905644272308461	0.09864593585524069	0.09822525196599767	0.09779479062098671	0.0973548748268344	0.09690574955389746	0.0964475851585022	0.09598048519238511	0.09550449753397851	0.09501962720730368	0.09452584890958105	0.09402311738569057	0.09351137447329967	0.09299055277712968	0.09246057718179695	0.09192136636337245	0.09137283678460777	0.09081491125263486	0.0902475331175228	0.08967068588827776	0.08908441675748169	0.08848886150393716	0.08788426763660218	0.08727101252718066	0.08664961366239098
6.152285613280012	4.870263284597832	4.869954338118563	4.869447152190994	4.868751422411001	4.867879008067734	4.866843012002028	4.865656788296295	4.864332977263219	4.862882659824748	4.8613147055936325	4.8596353637688665	4.8578481171103585	4.855953790688009	4.853950882264977	4.851836062612967	4.849604783143544	4.847251925170551	4.84477242909229	4.842161851301764	4.839416809854539	4.836535294967087	4.8335168355988865	4.830362527325145	4.827074938428164	4.82365791995412	4.820116351019378	4.816455852780876	4.812682503318588	4.808802581557948	4.804822361859476	4.800747972800903	4.7965853248988735	4.79234010354016	4.788017816124986	4.783623877090393	4.779163711520817	4.774642857579334	4.770067049799746	4.765442268902529	4.76077474861241	4.75607093529	4.751337401424224	4.7465807186722	4.741807299842413	4.737023221818105	4.73223404286222	4.727444628075403	4.722658996083781	4.717880198444179	4.7131102409084376	4.708350052660976	4.703599506360276	4.698857488073369	4.694122012738334	4.689390377378456	4.684659341740445	4.679925324055437	4.675184598727337	4.670433482944763	4.665668499951303	4.6608865103779715	4.656084803314454	4.6512611451720725	4.646413784344818	4.641541416833578	4.636643117040082	4.631718244010142	4.626766332139277	4.621786977113724	4.616779727471976	4.61174399175155	4.60667897420715	4.60158363917911	4.596456695113315	4.591296605668737	4.586101641207964	4.580869954803239	4.575599675470208	4.570289006723547	4.564936331759498	4.559540309099794	4.554099957262978	4.548614750591288	4.543084599008172	4.537509824992533	4.531891186910394	4.526229887501272	4.52052749571643	4.514785857879004	4.509007017581889	4.50319313636487	4.4973464182133425	4.491469044369399	4.485563123045982	4.479630654417755	4.4736735054185415	4.467693385004768	4.4616918125996685	4.455670073702181	4.4496291442741445	4.443569564366584	4.437491346726973	4.431394187132127	4.425278019110229	4.4191434559053375	4.412991754277489	4.406824347539874	4.400642361068756	4.394446393405446	4.3882368651162365	4.382014709108799	4.37578143679135	4.3695387528527485	4.3632885141632665	4.35703272899727	4.350773370985414	4.344512198116438	4.3382505993136355	4.331989480909974	4.325729217381895	4.319469551207682	4.3132093661198105	4.306946455531439	4.300677705607521	4.294399962933657	4.288110950919284	4.281809429312845	4.275494802997599	4.269166882542054	4.2628259334324134	4.256472757880428	4.250108724383939	4.243735789620115	4.237356454187147	4.230973581987702	4.2245901133650605	4.218208774414768	4.211831874278967	4.205461220855969	4.199098124993058	4.192743442972761	4.186397628345065	4.180060789588207	4.1737327564382865	4.167413152743683	4.161101469678101	4.154797133329919	4.148499563594489	4.142208225445621	4.135922677682448	4.129642625575765	4.123367979170698	4.117098907916812	4.1108358712742605	4.1045796047030905	4.098331055685191	4.092091286765183	4.0858613756751065	4.0796423365243	4.073435067512339	4.067240315773696	4.061058647281957	4.054890415106766	4.048735725493615	4.0425944054312675	4.03646597803581	4.0303496535088135	4.024244343087047	4.01814870100977	4.012061195613031	4.005980206107922	3.999904137134843	3.993831539429317	3.987761222697024	3.9816923469838983	3.9756244819135236	3.9695576286595373	3.96349220592494	3.957429006604677	3.951369134824708	3.945313933439977	3.939264910629927	3.93322367208264	3.9271918631772795	3.92117112377329	3.91516305661121	3.9091692088650993	3.9031910651309816	3.897230049219392	3.891287531628779	3.8853648395013085	3.8794632661174706	3.8735840774744865	3.86772851418508	3.8618977878768685	3.8560930725120657	3.8503154924838348	3.8445661106641142	3.83884592033502	3.833155844769772
